Last Modified By ID,Active,Activity Reminders Popup,Admin Info Emails,Allow Forecasting,Apex Pages Developer Mode,Auto Bcc,Auto Bcc Stay In Touch,Auto-login To Call Center,Cache Diagnostics,Can View Not Assigned Prospects,Chatter Answers User,Chatter Email Highlights Frequency,City,Country,Create LEX Apps WT Shown,Created By ID,Created Date,Default Notification Frequency when Joining Groups,Department,Dis Comment After Like Email,Dis Mentions Comment Email,Dis Prof Post Comment Email,Disable All Feeds Email,Disable Bookmark Email,Disable Change Comment Email,Disable Endorsement Email,Disable File Share Notifications For Api,Disable Followers Email,Disable Later Comment Email,Disable Like Email,Disable Mentions Post Email,Disable Message Email,Disable Profile Post Email,Disable Share Post Email,Enable Auto Sub For Feeds,Event Reminders Checkbox Default,Exclude Mail App Attachments,Favorites Show Top Favorites,Favorites WT Shown,Flow User,Full Name,Global Nav Bar WT Shown,Global Nav Grid Menu WT Shown,Has Celebration Badge,Has Profile Photo,Hide Bigger Photo Callout,Hide Browse Product Redirect Confirmation,Hide Chatter Onboarding Splash,Hide CSN Desktop Task,Hide CSN Get Chatter Mobile Task,Hide End User Onboarding Assistant Modal,Hide Invoices Redirect Confirmation,Hide Lightning Migration Modal,Hide Online Sales App Welcome Mat,Hide Second Chatter Onboarding Splash,Hide Sfx Welcome Mat,Hide Statements Redirect Confirmation,HideS1BrowserUI,Info Emails,Is Approver,Language,Last Login,Last Modified Date,Lightning Experience Preferred,Locale,Manage Escalated Assets,Manager ID,Marketing User,Native Email Client,NetSuite User ID,New Lightning Report Run Page Enabled,Nickname,Offline User,Path Assistant Collapsed,Preview Custom Theme,Preview Lightning,Profile ID,Receive No Notifications As Approver,Receive Notifications As Delegated Approver,Record Home Reserved WT Shown,Record Home Section Collapse WT Shown,Reminder Sound Off,Reverse Open Activities View,Role ID,Salesforce CRM Content User,Send List Email Through External Service,Service Cloud User,Show City To External Users,Show City To Guest Users,Show Country To External Users,Show Country To Guest Users,Show Email To External Users,Show Email To Guest Users,Show external indicator,Show Fax To External Users,Show Fax To Guest Users,Show Manager To External Users,Show Manager To Guest Users,Show Mobile Phone To External Users,Show Mobile Phone To Guest Users,Show Postal Code To External Users,Show Postal Code To Guest Users,Show Profile Pic To Guest Users,Show State To External Users,Show State To Guest Users,Show Street Address To External Users,Show Street Address To Guest Users,Show Title To External Users,Show Title To Guest Users,Show Work Phone To External Users,Show Work Phone To Guest Users,Sort Feed By Comment,SRH Override Activities,Stay In Touch Reminder,Suppress Event SFX Reminders,Suppress Task SFX Reminders,System Modstamp,Task Reminders Checkbox Default,User Debug Mode Pref,User ID,User Type
0055A000009s6n0QAA,FALSE,TRUE,FALSE,TRUE,FALSE,TRUE,FALSE,FALSE,FALSE,FALSE,FALSE,D,Other,Other,FALSE,005i0000000fpvQAAQ,9/1/2015,N,Service,FALSE,FALSE,FALSE,FALSE,FALSE,FALSE,FALSE,FALSE,FALSE,FALSE,TRUE,FALSE,FALSE,FALSE,FALSE,FALSE,TRUE,FALSE,FALSE,FALSE,FALSE,Olivia Johnson,FALSE,FALSE,FALSE,FALSE,FALSE,FALSE,TRUE,TRUE,FALSE,FALSE,FALSE,FALSE,FALSE,TRUE,FALSE,FALSE,FALSE,FALSE,FALSE,en_US,10/30/2019,11/12/2019 16:28,TRUE,en_US,FALSE,Other,FALSE,FALSE,0,FALSE,Liv,TRUE,FALSE,FALSE,FALSE,00ei0000000vIysAAE,FALSE,FALSE,FALSE,FALSE,FALSE,FALSE,Other,FALSE,FALSE,FALSE,FALSE,FALSE,FALSE,FALSE,FALSE,FALSE,FALSE,FALSE,FALSE,FALSE,FALSE,FALSE,FALSE,FALSE,FALSE,FALSE,FALSE,FALSE,FALSE,FALSE,FALSE,FALSE,FALSE,FALSE,TRUE,FALSE,TRUE,FALSE,FALSE,6/29/2021,TRUE,FALSE,00531000006uPsjAAE,Standard
0055A00000BclF5QAJ,TRUE,TRUE,FALSE,TRUE,FALSE,TRUE,FALSE,FALSE,FALSE,FALSE,FALSE,D,Poquoson,United States,FALSE,005i0000000fpvQAAQ,4/15/2016,N,Sales,FALSE,FALSE,FALSE,FALSE,FALSE,FALSE,FALSE,FALSE,FALSE,FALSE,TRUE,FALSE,FALSE,FALSE,FALSE,FALSE,TRUE,FALSE,FALSE,FALSE,TRUE,Liam Smith,FALSE,FALSE,FALSE,TRUE,FALSE,FALSE,TRUE,FALSE,FALSE,FALSE,FALSE,FALSE,FALSE,TRUE,TRUE,FALSE,FALSE,FALSE,FALSE,en_US,6/29/2021,8/16/2021 14:12,TRUE,en_US,FALSE,005i0000000fNkyAAE,FALSE,FALSE,1352,FALSE,Lee,FALSE,FALSE,FALSE,FALSE,00e5A000001rJEpQAM,FALSE,FALSE,FALSE,FALSE,FALSE,FALSE,00E5A000001F19kUAC,FALSE,FALSE,FALSE,FALSE,FALSE,FALSE,FALSE,FALSE,FALSE,FALSE,FALSE,FALSE,FALSE,FALSE,FALSE,FALSE,FALSE,FALSE,FALSE,FALSE,FALSE,FALSE,FALSE,FALSE,FALSE,FALSE,FALSE,TRUE,FALSE,TRUE,FALSE,FALSE,8/16/2021,TRUE,FALSE,00531000007Es7rAAC,Standard
0055A00000BclF5QAJ,TRUE,TRUE,FALSE,TRUE,FALSE,TRUE,FALSE,FALSE,FALSE,FALSE,FALSE,D,Boston,United States,FALSE,005i0000000fpvQAAQ,1/18/2016,N,Sales,FALSE,FALSE,FALSE,FALSE,FALSE,FALSE,FALSE,FALSE,FALSE,FALSE,TRUE,FALSE,FALSE,FALSE,FALSE,FALSE,TRUE,FALSE,FALSE,FALSE,TRUE,Emma Brown,FALSE,FALSE,FALSE,TRUE,FALSE,FALSE,TRUE,FALSE,FALSE,FALSE,FALSE,FALSE,FALSE,TRUE,FALSE,FALSE,FALSE,FALSE,FALSE,en_US,6/28/2021,8/16/2021 14:12,FALSE,en_US,FALSE,005i0000000fNkyAAE,FALSE,FALSE,1355,FALSE,Em,TRUE,FALSE,FALSE,FALSE,00e5A000001rJEpQAM,FALSE,FALSE,FALSE,FALSE,FALSE,FALSE,00E5A000001F19qUAC,FALSE,FALSE,FALSE,FALSE,FALSE,FALSE,FALSE,FALSE,FALSE,FALSE,FALSE,FALSE,FALSE,FALSE,FALSE,FALSE,FALSE,FALSE,FALSE,FALSE,FALSE,FALSE,FALSE,FALSE,FALSE,FALSE,FALSE,TRUE,FALSE,FALSE,FALSE,FALSE,8/16/2021,TRUE,FALSE,00531000007KAsvAAG,Standard
0055A00000BclF5QAJ,TRUE,TRUE,FALSE,FALSE,FALSE,TRUE,FALSE,FALSE,FALSE,FALSE,FALSE,D,Boston,United States,FALSE,005i0000000fpvQAAQ,1/18/2016,N,Sales,FALSE,FALSE,FALSE,FALSE,FALSE,FALSE,FALSE,FALSE,FALSE,FALSE,TRUE,FALSE,FALSE,FALSE,FALSE,FALSE,TRUE,FALSE,FALSE,FALSE,TRUE,Noah Jones,FALSE,FALSE,FALSE,FALSE,FALSE,FALSE,FALSE,FALSE,FALSE,FALSE,FALSE,FALSE,FALSE,TRUE,TRUE,FALSE,FALSE,FALSE,FALSE,en_US,6/29/2021,8/16/2021 14:12,FALSE,en_US,FALSE,0055A00000BcmLYQAZ,FALSE,FALSE,1357,FALSE,Noey,FALSE,FALSE,FALSE,FALSE,00e5A000001rJEkQAM,FALSE,FALSE,FALSE,FALSE,FALSE,FALSE,00E5A000001F19yUAC,FALSE,FALSE,FALSE,FALSE,FALSE,FALSE,FALSE,FALSE,FALSE,FALSE,FALSE,FALSE,FALSE,FALSE,FALSE,FALSE,FALSE,FALSE,FALSE,FALSE,FALSE,FALSE,FALSE,TRUE,FALSE,FALSE,FALSE,TRUE,FALSE,TRUE,FALSE,FALSE,9/16/2021,TRUE,FALSE,00531000007KAu8AAG,Standard
005i0000000fpvQAAQ,FALSE,TRUE,FALSE,FALSE,FALSE,TRUE,FALSE,FALSE,FALSE,FALSE,FALSE,D,Other,Other,FALSE,005i0000000fpvQAAQ,1/18/2016,N,Other,FALSE,FALSE,FALSE,FALSE,FALSE,FALSE,FALSE,FALSE,FALSE,FALSE,TRUE,FALSE,FALSE,FALSE,FALSE,FALSE,TRUE,FALSE,FALSE,FALSE,FALSE,Ava Garcia,FALSE,FALSE,FALSE,FALSE,FALSE,FALSE,FALSE,FALSE,FALSE,FALSE,FALSE,FALSE,FALSE,FALSE,FALSE,FALSE,FALSE,FALSE,FALSE,en_US,1/25/2016,1/25/2016 18:42,FALSE,en_US,FALSE,Other,FALSE,FALSE,0,FALSE,Aves,FALSE,FALSE,FALSE,FALSE,00ei0000000vIysAAE,FALSE,FALSE,FALSE,FALSE,FALSE,FALSE,Other,FALSE,FALSE,FALSE,FALSE,FALSE,FALSE,FALSE,FALSE,FALSE,FALSE,FALSE,FALSE,FALSE,FALSE,FALSE,FALSE,FALSE,FALSE,FALSE,FALSE,FALSE,FALSE,FALSE,TRUE,FALSE,FALSE,FALSE,TRUE,FALSE,TRUE,FALSE,FALSE,6/29/2021,TRUE,FALSE,00531000007KAvBAAW,Standard
0055A00000BclF5QAJ,TRUE,TRUE,FALSE,TRUE,FALSE,TRUE,FALSE,FALSE,FALSE,FALSE,FALSE,D,Other,United States,FALSE,00531000007KAvBAAW,1/25/2016,N,Sales,FALSE,FALSE,FALSE,FALSE,FALSE,FALSE,FALSE,FALSE,FALSE,FALSE,TRUE,FALSE,FALSE,FALSE,FALSE,FALSE,TRUE,FALSE,FALSE,FALSE,TRUE,Oliver Martinez,FALSE,FALSE,FALSE,FALSE,FALSE,FALSE,TRUE,FALSE,FALSE,FALSE,FALSE,FALSE,FALSE,TRUE,TRUE,FALSE,FALSE,FALSE,FALSE,en_US,6/28/2021,8/16/2021 14:12,TRUE,en_US,FALSE,005i0000000fNkyAAE,FALSE,FALSE,1353,FALSE,Ollie,FALSE,FALSE,FALSE,FALSE,00e5A000001rJEpQAM,FALSE,FALSE,FALSE,FALSE,FALSE,FALSE,00E5A000001F19hUAC,FALSE,FALSE,FALSE,FALSE,FALSE,FALSE,FALSE,FALSE,FALSE,FALSE,FALSE,FALSE,FALSE,FALSE,FALSE,FALSE,FALSE,FALSE,FALSE,FALSE,FALSE,FALSE,FALSE,TRUE,FALSE,FALSE,FALSE,TRUE,FALSE,TRUE,FALSE,FALSE,8/16/2021,TRUE,FALSE,00531000007KgPgAAK,Standard
005i0000000fpvQAAQ,FALSE,TRUE,FALSE,TRUE,FALSE,TRUE,FALSE,FALSE,FALSE,FALSE,FALSE,D,Other,Other,FALSE,005i0000000fpvQAAQ,2/16/2016,N,Other,FALSE,FALSE,FALSE,FALSE,FALSE,FALSE,FALSE,FALSE,FALSE,FALSE,TRUE,FALSE,FALSE,FALSE,FALSE,FALSE,TRUE,FALSE,FALSE,FALSE,FALSE,Sophia Rodriguez,FALSE,FALSE,FALSE,FALSE,FALSE,FALSE,FALSE,FALSE,FALSE,FALSE,FALSE,FALSE,FALSE,TRUE,FALSE,FALSE,FALSE,FALSE,FALSE,en_US,3/6/2017,3/16/2017 16:55,FALSE,en_US,FALSE,Other,TRUE,FALSE,0,FALSE,Sophie,FALSE,FALSE,FALSE,FALSE,00ei0000000vIz2AAE,FALSE,FALSE,FALSE,FALSE,FALSE,FALSE,Other,FALSE,FALSE,FALSE,FALSE,FALSE,FALSE,FALSE,FALSE,FALSE,FALSE,FALSE,FALSE,FALSE,FALSE,FALSE,FALSE,FALSE,FALSE,FALSE,FALSE,FALSE,FALSE,FALSE,TRUE,FALSE,FALSE,FALSE,TRUE,FALSE,TRUE,FALSE,FALSE,6/29/2021,TRUE,FALSE,00531000007M2hjAAC,Standard
0055A00000BclF5QAJ,TRUE,TRUE,FALSE,TRUE,FALSE,TRUE,FALSE,FALSE,FALSE,FALSE,FALSE,D,Boston,United States,FALSE,005i0000000fpvQAAQ,2/23/2016,N,Sales & Business Development,FALSE,FALSE,FALSE,FALSE,FALSE,FALSE,FALSE,FALSE,FALSE,FALSE,TRUE,FALSE,FALSE,FALSE,FALSE,FALSE,TRUE,FALSE,FALSE,FALSE,TRUE,Elijah Hernandez,FALSE,FALSE,FALSE,TRUE,FALSE,FALSE,TRUE,FALSE,FALSE,FALSE,FALSE,FALSE,FALSE,TRUE,FALSE,FALSE,FALSE,TRUE,FALSE,en_US,12/9/2021,12/9/2021 18:47,TRUE,en_US,FALSE,005i0000000fNkyAAE,TRUE,FALSE,6650,TRUE,Eli,FALSE,FALSE,FALSE,FALSE,00e5A000001rJEpQAM,FALSE,FALSE,FALSE,FALSE,FALSE,FALSE,00E5A000001F19nUAC,FALSE,FALSE,FALSE,FALSE,FALSE,FALSE,FALSE,FALSE,FALSE,FALSE,FALSE,FALSE,FALSE,FALSE,FALSE,FALSE,FALSE,FALSE,FALSE,FALSE,FALSE,FALSE,FALSE,FALSE,FALSE,FALSE,FALSE,TRUE,FALSE,FALSE,FALSE,FALSE,12/20/2021,TRUE,FALSE,00531000007MUoEAAW,Standard
0055A00000BclF5QAJ,TRUE,TRUE,TRUE,FALSE,FALSE,TRUE,FALSE,FALSE,FALSE,FALSE,FALSE,D,Other,United States,FALSE,005i0000000fpvQAAQ,1/17/2017,N,Sales & Business Development,FALSE,FALSE,FALSE,FALSE,FALSE,FALSE,FALSE,FALSE,FALSE,FALSE,TRUE,FALSE,FALSE,FALSE,FALSE,FALSE,TRUE,FALSE,FALSE,FALSE,TRUE,Mia Wilson,FALSE,FALSE,FALSE,FALSE,FALSE,FALSE,FALSE,FALSE,FALSE,FALSE,FALSE,FALSE,FALSE,TRUE,FALSE,FALSE,FALSE,TRUE,FALSE,en_US,6/1/2021,8/16/2021 14:12,TRUE,en_US,FALSE,Other,FALSE,FALSE,1356,FALSE,M,FALSE,TRUE,FALSE,FALSE,00e5A000001rJEkQAM,FALSE,FALSE,FALSE,FALSE,FALSE,FALSE,00E5A000001F1A2UAK,FALSE,FALSE,FALSE,FALSE,FALSE,FALSE,FALSE,FALSE,FALSE,FALSE,FALSE,FALSE,FALSE,FALSE,FALSE,FALSE,FALSE,FALSE,FALSE,FALSE,FALSE,FALSE,FALSE,TRUE,FALSE,FALSE,FALSE,TRUE,FALSE,TRUE,FALSE,FALSE,8/16/2021,TRUE,FALSE,00531000008F2psAAC,Standard
0055A00000BclF5QAJ,TRUE,TRUE,TRUE,TRUE,FALSE,TRUE,FALSE,FALSE,FALSE,FALSE,FALSE,D,Other,United States,FALSE,005i0000000fpvQAAQ,1/17/2017,N,Other,FALSE,FALSE,FALSE,FALSE,FALSE,FALSE,FALSE,FALSE,FALSE,FALSE,TRUE,FALSE,FALSE,FALSE,FALSE,FALSE,TRUE,FALSE,FALSE,FALSE,TRUE,Lucas Lee,FALSE,FALSE,FALSE,FALSE,FALSE,FALSE,FALSE,FALSE,FALSE,FALSE,FALSE,FALSE,FALSE,TRUE,FALSE,FALSE,FALSE,TRUE,FALSE,en_US,6/29/2021,8/16/2021 14:12,TRUE,en_US,FALSE,005i0000000fNkyAAE,FALSE,FALSE,1354,FALSE,Luke,FALSE,TRUE,FALSE,FALSE,00e5A000001rJEpQAM,FALSE,FALSE,FALSE,FALSE,FALSE,FALSE,00E5A000001F19oUAC,FALSE,FALSE,FALSE,FALSE,FALSE,FALSE,FALSE,FALSE,FALSE,FALSE,FALSE,FALSE,FALSE,FALSE,FALSE,FALSE,FALSE,FALSE,FALSE,FALSE,FALSE,FALSE,FALSE,TRUE,FALSE,FALSE,FALSE,TRUE,FALSE,TRUE,FALSE,FALSE,10/3/2021,TRUE,FALSE,00531000008F2qlAAC,Standard
0055A000009s6n0QAA,FALSE,TRUE,TRUE,FALSE,FALSE,TRUE,FALSE,FALSE,FALSE,TRUE,FALSE,D,Other,Other,FALSE,005i0000000fpvQAAQ,1/20/2017,N,Marketing,FALSE,FALSE,FALSE,FALSE,FALSE,FALSE,FALSE,FALSE,FALSE,FALSE,TRUE,FALSE,FALSE,FALSE,FALSE,FALSE,TRUE,FALSE,FALSE,FALSE,FALSE,Amelia Perez,FALSE,FALSE,FALSE,FALSE,FALSE,FALSE,FALSE,FALSE,FALSE,FALSE,FALSE,FALSE,FALSE,TRUE,FALSE,FALSE,FALSE,TRUE,FALSE,en_US,1/29/2020,1/29/2020 14:08,FALSE,en_US,FALSE,Other,TRUE,FALSE,0,FALSE,Millie,FALSE,FALSE,FALSE,FALSE,00ei0000000vIysAAE,FALSE,FALSE,FALSE,FALSE,FALSE,FALSE,Other,FALSE,FALSE,FALSE,FALSE,FALSE,FALSE,FALSE,FALSE,FALSE,FALSE,FALSE,FALSE,FALSE,FALSE,FALSE,FALSE,FALSE,FALSE,FALSE,FALSE,FALSE,FALSE,FALSE,TRUE,FALSE,FALSE,FALSE,TRUE,FALSE,TRUE,FALSE,FALSE,6/29/2021,TRUE,FALSE,00531000008FFH0AAO,Standard
0055A000009s6n0QAA,FALSE,TRUE,TRUE,FALSE,FALSE,TRUE,FALSE,FALSE,FALSE,FALSE,FALSE,D,Boston,Other,FALSE,005i0000000fpvQAAQ,1/23/2017,N,Sales,FALSE,FALSE,FALSE,FALSE,FALSE,FALSE,FALSE,FALSE,FALSE,FALSE,TRUE,FALSE,FALSE,FALSE,FALSE,FALSE,TRUE,TRUE,FALSE,FALSE,FALSE,Mason Thompson,FALSE,FALSE,FALSE,FALSE,FALSE,FALSE,TRUE,FALSE,FALSE,FALSE,FALSE,FALSE,FALSE,TRUE,FALSE,FALSE,FALSE,TRUE,FALSE,en_US,8/17/2018,2/4/2020 16:45,TRUE,en_US,FALSE,Other,TRUE,FALSE,0,FALSE,Mace,FALSE,FALSE,FALSE,FALSE,00ei0000000vIysAAE,FALSE,FALSE,FALSE,FALSE,FALSE,FALSE,Other,FALSE,FALSE,FALSE,FALSE,FALSE,FALSE,FALSE,FALSE,FALSE,FALSE,FALSE,FALSE,FALSE,FALSE,FALSE,FALSE,FALSE,FALSE,FALSE,FALSE,FALSE,FALSE,FALSE,TRUE,FALSE,FALSE,FALSE,TRUE,FALSE,FALSE,FALSE,FALSE,6/29/2021,TRUE,FALSE,00531000008FRNUAA4,Standard
005i0000000fpvQAAQ,FALSE,TRUE,TRUE,FALSE,FALSE,TRUE,FALSE,FALSE,FALSE,FALSE,FALSE,D,Other,Other,FALSE,005i0000000fpvQAAQ,3/16/2017,N,Other,FALSE,FALSE,FALSE,FALSE,FALSE,FALSE,FALSE,FALSE,FALSE,FALSE,TRUE,FALSE,FALSE,FALSE,FALSE,FALSE,TRUE,FALSE,FALSE,FALSE,FALSE,Harper White,FALSE,FALSE,FALSE,FALSE,FALSE,FALSE,FALSE,FALSE,FALSE,FALSE,FALSE,FALSE,FALSE,FALSE,FALSE,FALSE,FALSE,TRUE,FALSE,en_US,4/2/2019,4/2/2019 12:22,FALSE,en_US,FALSE,Other,FALSE,FALSE,0,FALSE,Harp,FALSE,FALSE,FALSE,FALSE,00ei0000000vIysAAE,FALSE,FALSE,FALSE,FALSE,FALSE,FALSE,Other,FALSE,FALSE,FALSE,FALSE,FALSE,FALSE,FALSE,FALSE,FALSE,FALSE,FALSE,FALSE,FALSE,FALSE,FALSE,FALSE,FALSE,FALSE,FALSE,FALSE,FALSE,FALSE,FALSE,TRUE,FALSE,FALSE,FALSE,TRUE,FALSE,TRUE,FALSE,FALSE,6/29/2021,TRUE,FALSE,00531000008QpAHAA0,Standard
005i0000000fpvQAAQ,FALSE,TRUE,TRUE,FALSE,FALSE,TRUE,FALSE,FALSE,FALSE,FALSE,FALSE,D,Other,Other,FALSE,005i0000000fpvQAAQ,3/27/2017,N,Other,FALSE,FALSE,FALSE,FALSE,FALSE,FALSE,FALSE,FALSE,FALSE,FALSE,TRUE,FALSE,FALSE,FALSE,FALSE,FALSE,TRUE,FALSE,FALSE,FALSE,FALSE,Ethan Harris,FALSE,FALSE,FALSE,FALSE,FALSE,FALSE,TRUE,FALSE,FALSE,FALSE,FALSE,FALSE,FALSE,TRUE,TRUE,FALSE,FALSE,TRUE,FALSE,en_US,9/14/2018,1/30/2019 15:38,TRUE,en_US,FALSE,Other,FALSE,FALSE,0,FALSE,E,FALSE,FALSE,FALSE,FALSE,00e5A000001Ztv5QAC,FALSE,FALSE,FALSE,FALSE,FALSE,FALSE,Other,FALSE,FALSE,FALSE,FALSE,FALSE,FALSE,FALSE,FALSE,FALSE,FALSE,FALSE,FALSE,FALSE,FALSE,FALSE,FALSE,FALSE,FALSE,FALSE,FALSE,FALSE,FALSE,FALSE,TRUE,FALSE,FALSE,FALSE,TRUE,FALSE,TRUE,FALSE,FALSE,6/29/2021,TRUE,FALSE,00531000008RIokAAG,Standard
005i0000000fpvQAAQ,FALSE,TRUE,TRUE,FALSE,FALSE,TRUE,FALSE,FALSE,FALSE,FALSE,FALSE,D,Other,Other,FALSE,005i0000000fpvQAAQ,1/9/2018,N,Other,FALSE,FALSE,FALSE,FALSE,FALSE,FALSE,FALSE,FALSE,FALSE,FALSE,TRUE,FALSE,FALSE,FALSE,FALSE,FALSE,TRUE,TRUE,FALSE,FALSE,FALSE,Evelyn Clark,FALSE,FALSE,FALSE,FALSE,FALSE,FALSE,TRUE,FALSE,FALSE,FALSE,FALSE,FALSE,FALSE,TRUE,TRUE,FALSE,TRUE,TRUE,FALSE,en_US,8/17/2018,8/17/2018 19:13,TRUE,en_US,FALSE,Other,FALSE,FALSE,0,FALSE,Evie,FALSE,FALSE,FALSE,FALSE,00ei0000000vIz2AAE,FALSE,FALSE,FALSE,FALSE,FALSE,FALSE,Other,FALSE,FALSE,FALSE,FALSE,FALSE,FALSE,FALSE,FALSE,FALSE,FALSE,FALSE,FALSE,FALSE,FALSE,FALSE,FALSE,FALSE,FALSE,FALSE,FALSE,FALSE,FALSE,FALSE,TRUE,FALSE,FALSE,FALSE,TRUE,FALSE,TRUE,FALSE,FALSE,6/29/2021,TRUE,FALSE,0055A000006HDY9QAO,Standard
0055A00000BclF5QAJ,TRUE,TRUE,TRUE,FALSE,FALSE,FALSE,FALSE,FALSE,FALSE,FALSE,FALSE,D,Other,United States,FALSE,005i0000000fpvQAAQ,8/17/2018,N,Field Application Scientists,FALSE,FALSE,FALSE,TRUE,FALSE,FALSE,FALSE,FALSE,FALSE,FALSE,TRUE,FALSE,FALSE,FALSE,FALSE,FALSE,TRUE,TRUE,FALSE,FALSE,TRUE,Aiden Lewis,FALSE,FALSE,FALSE,FALSE,FALSE,FALSE,FALSE,FALSE,FALSE,FALSE,FALSE,FALSE,FALSE,FALSE,TRUE,FALSE,FALSE,TRUE,TRUE,en_US,6/29/2021,8/16/2021 14:12,TRUE,en_US,TRUE,0055A00000BcmLYQAZ,FALSE,FALSE,6205,FALSE,Aids,FALSE,FALSE,FALSE,FALSE,00e5A000001rJEkQAM,FALSE,FALSE,FALSE,FALSE,FALSE,FALSE,00E5A000001F19vUAC,FALSE,FALSE,FALSE,FALSE,FALSE,FALSE,FALSE,FALSE,FALSE,FALSE,FALSE,FALSE,FALSE,FALSE,FALSE,FALSE,FALSE,FALSE,FALSE,FALSE,FALSE,FALSE,FALSE,TRUE,FALSE,FALSE,FALSE,TRUE,FALSE,TRUE,FALSE,FALSE,8/16/2021,TRUE,FALSE,0055A000008iLmcQAE,Standard
0055A00000BclF5QAJ,TRUE,TRUE,TRUE,FALSE,FALSE,TRUE,FALSE,FALSE,FALSE,FALSE,FALSE,D,Other,United States,FALSE,005i0000000fpvQAAQ,8/17/2018,N,Other,FALSE,FALSE,FALSE,FALSE,FALSE,FALSE,FALSE,FALSE,FALSE,FALSE,TRUE,FALSE,FALSE,FALSE,FALSE,FALSE,TRUE,FALSE,FALSE,FALSE,TRUE,Abigail Robinson,FALSE,FALSE,FALSE,FALSE,FALSE,FALSE,FALSE,FALSE,FALSE,FALSE,FALSE,FALSE,FALSE,FALSE,TRUE,FALSE,FALSE,TRUE,FALSE,en_US,6/29/2021,8/16/2021 14:12,FALSE,en_US,FALSE,Other,FALSE,FALSE,14443,FALSE,Abby,FALSE,FALSE,FALSE,FALSE,00e5A000001rJFEQA2,FALSE,FALSE,FALSE,FALSE,FALSE,FALSE,00E5A000001F1A5UAK,FALSE,FALSE,FALSE,FALSE,FALSE,FALSE,FALSE,FALSE,FALSE,FALSE,FALSE,FALSE,FALSE,FALSE,FALSE,FALSE,FALSE,FALSE,FALSE,FALSE,FALSE,FALSE,FALSE,TRUE,FALSE,FALSE,FALSE,TRUE,FALSE,TRUE,FALSE,FALSE,8/16/2021,TRUE,FALSE,0055A000008iLmhQAE,Standard
0055A00000BclF5QAJ,FALSE,TRUE,TRUE,TRUE,FALSE,TRUE,FALSE,FALSE,FALSE,FALSE,FALSE,D,Other,United States,FALSE,005i0000000fpvQAAQ,8/17/2018,N,Other,FALSE,FALSE,FALSE,FALSE,FALSE,FALSE,FALSE,FALSE,FALSE,FALSE,TRUE,FALSE,FALSE,FALSE,FALSE,FALSE,TRUE,FALSE,FALSE,FALSE,TRUE,James Walker,FALSE,FALSE,FALSE,FALSE,FALSE,FALSE,FALSE,FALSE,FALSE,FALSE,FALSE,FALSE,FALSE,FALSE,TRUE,FALSE,FALSE,TRUE,FALSE,en_US,6/25/2021,8/30/2021 13:12,TRUE,en_US,FALSE,Other,FALSE,FALSE,0,FALSE,Jamie,FALSE,FALSE,FALSE,FALSE,00e5A000001rJB7QAM,FALSE,FALSE,FALSE,FALSE,FALSE,FALSE,00E5A000001F1A4UAK,FALSE,FALSE,FALSE,FALSE,FALSE,FALSE,FALSE,FALSE,FALSE,FALSE,FALSE,FALSE,FALSE,FALSE,FALSE,FALSE,FALSE,FALSE,FALSE,FALSE,FALSE,FALSE,FALSE,FALSE,FALSE,FALSE,FALSE,TRUE,FALSE,TRUE,FALSE,FALSE,8/30/2021,TRUE,FALSE,0055A000008iLmwQAE,Standard
0055A000009s6n0QAA,FALSE,TRUE,TRUE,FALSE,FALSE,TRUE,FALSE,FALSE,FALSE,FALSE,FALSE,D,Other,Other,FALSE,005i0000000fpvQAAQ,8/17/2018,N,Other,FALSE,FALSE,FALSE,TRUE,FALSE,FALSE,FALSE,FALSE,FALSE,FALSE,TRUE,FALSE,FALSE,FALSE,FALSE,FALSE,TRUE,FALSE,FALSE,FALSE,FALSE,Charlotte Hall,FALSE,FALSE,FALSE,FALSE,FALSE,FALSE,FALSE,FALSE,FALSE,FALSE,FALSE,FALSE,FALSE,FALSE,TRUE,FALSE,FALSE,TRUE,FALSE,en_US,2/27/2020,2/28/2020 14:48,TRUE,en_US,FALSE,Other,FALSE,TRUE,0,FALSE,Charlie,FALSE,FALSE,FALSE,FALSE,00e5A000001Ztv5QAC,FALSE,FALSE,FALSE,FALSE,FALSE,FALSE,Other,FALSE,FALSE,FALSE,FALSE,FALSE,FALSE,FALSE,FALSE,FALSE,FALSE,FALSE,FALSE,FALSE,FALSE,FALSE,FALSE,FALSE,FALSE,FALSE,FALSE,FALSE,FALSE,FALSE,TRUE,FALSE,FALSE,FALSE,TRUE,FALSE,TRUE,FALSE,FALSE,6/29/2021,TRUE,FALSE,0055A000008iLoJQAU,Standard
0055A00000BclF5QAJ,TRUE,TRUE,TRUE,FALSE,FALSE,TRUE,FALSE,FALSE,FALSE,FALSE,FALSE,D,Other,United States,FALSE,005i0000000fpvQAAQ,8/17/2018,N,Other,FALSE,FALSE,FALSE,FALSE,FALSE,FALSE,FALSE,FALSE,FALSE,FALSE,TRUE,FALSE,FALSE,FALSE,FALSE,FALSE,TRUE,FALSE,FALSE,FALSE,TRUE,Benjamin Young,FALSE,FALSE,FALSE,TRUE,FALSE,FALSE,FALSE,FALSE,FALSE,FALSE,FALSE,FALSE,FALSE,FALSE,TRUE,FALSE,FALSE,TRUE,FALSE,en_US,6/29/2021,8/16/2021 14:12,TRUE,en_US,FALSE,0055A00000BcmLYQAZ,FALSE,FALSE,11330,FALSE,Ben,FALSE,TRUE,FALSE,FALSE,00e5A000001rJEkQAM,FALSE,FALSE,FALSE,FALSE,FALSE,FALSE,00E5A000001F1A0UAK,FALSE,FALSE,FALSE,FALSE,FALSE,FALSE,FALSE,FALSE,FALSE,FALSE,FALSE,FALSE,FALSE,FALSE,FALSE,FALSE,FALSE,FALSE,FALSE,FALSE,FALSE,FALSE,FALSE,TRUE,FALSE,FALSE,FALSE,TRUE,FALSE,TRUE,FALSE,FALSE,12/20/2021,TRUE,FALSE,0055A000008iLoOQAU,Standard
0055A00000BclF5QAJ,TRUE,TRUE,TRUE,FALSE,FALSE,FALSE,FALSE,FALSE,FALSE,FALSE,FALSE,D,Boston,United States,FALSE,005i0000000fpvQAAQ,4/20/2018,N,Other,FALSE,FALSE,FALSE,FALSE,FALSE,FALSE,FALSE,FALSE,FALSE,FALSE,TRUE,FALSE,FALSE,FALSE,FALSE,FALSE,TRUE,TRUE,FALSE,FALSE,TRUE,Isabella Allen,FALSE,FALSE,FALSE,TRUE,FALSE,FALSE,FALSE,FALSE,FALSE,FALSE,FALSE,FALSE,FALSE,TRUE,TRUE,FALSE,FALSE,TRUE,FALSE,en_US,6/29/2021,8/16/2021 14:12,TRUE,en_US,FALSE,0055A00000BcmLYQAZ,FALSE,FALSE,7654,FALSE,Bella,FALSE,TRUE,FALSE,FALSE,00e5A000001rJEkQAM,FALSE,FALSE,FALSE,FALSE,FALSE,FALSE,00E5A000001F1A1UAK,FALSE,FALSE,FALSE,FALSE,FALSE,FALSE,FALSE,FALSE,FALSE,FALSE,FALSE,FALSE,FALSE,FALSE,FALSE,FALSE,FALSE,FALSE,FALSE,FALSE,FALSE,FALSE,FALSE,TRUE,FALSE,FALSE,FALSE,TRUE,FALSE,TRUE,FALSE,FALSE,9/3/2021,TRUE,FALSE,0055A000008zqzaQAA,Standard
0055A000009s6n0QAA,FALSE,TRUE,TRUE,FALSE,FALSE,TRUE,FALSE,FALSE,FALSE,FALSE,FALSE,D,Other,Other,FALSE,005i0000000fpvQAAQ,3/8/2018,N,Other,FALSE,FALSE,FALSE,FALSE,FALSE,FALSE,FALSE,FALSE,FALSE,FALSE,TRUE,FALSE,FALSE,FALSE,FALSE,FALSE,TRUE,FALSE,FALSE,FALSE,FALSE,Logan Sanchez,FALSE,FALSE,FALSE,FALSE,FALSE,FALSE,FALSE,FALSE,FALSE,FALSE,FALSE,FALSE,FALSE,FALSE,TRUE,FALSE,FALSE,TRUE,FALSE,en_US,3/8/2018,11/23/2020 21:23,TRUE,en_US,FALSE,Other,TRUE,FALSE,0,FALSE,Logie,FALSE,FALSE,FALSE,FALSE,00ei0000000vIysAAE,FALSE,FALSE,FALSE,FALSE,FALSE,FALSE,Other,FALSE,FALSE,FALSE,FALSE,FALSE,FALSE,FALSE,FALSE,FALSE,FALSE,FALSE,FALSE,FALSE,FALSE,FALSE,FALSE,FALSE,FALSE,FALSE,FALSE,FALSE,FALSE,FALSE,TRUE,FALSE,FALSE,FALSE,TRUE,FALSE,TRUE,FALSE,FALSE,6/29/2021,TRUE,FALSE,0055A0000098wddQAA,Standard
0055A00000BclF5QAJ,TRUE,TRUE,FALSE,FALSE,FALSE,TRUE,FALSE,FALSE,FALSE,FALSE,FALSE,N,Other,United States,FALSE,0055A000009s6n0QAA,3/7/2019,N,Other,FALSE,FALSE,FALSE,FALSE,FALSE,FALSE,FALSE,FALSE,FALSE,FALSE,TRUE,FALSE,FALSE,FALSE,FALSE,FALSE,TRUE,FALSE,FALSE,FALSE,FALSE,Grace Wright,FALSE,FALSE,FALSE,FALSE,FALSE,FALSE,FALSE,FALSE,FALSE,FALSE,FALSE,FALSE,FALSE,FALSE,TRUE,FALSE,FALSE,FALSE,FALSE,en_US,6/29/2021,4/7/2021 18:29,TRUE,en_US,FALSE,Other,FALSE,FALSE,0,FALSE,Gracie,FALSE,FALSE,FALSE,FALSE,00e5A000001NbJYQA0,FALSE,FALSE,FALSE,FALSE,FALSE,FALSE,Other,FALSE,FALSE,FALSE,FALSE,FALSE,FALSE,FALSE,FALSE,FALSE,FALSE,FALSE,FALSE,FALSE,FALSE,FALSE,FALSE,FALSE,FALSE,FALSE,FALSE,FALSE,FALSE,FALSE,FALSE,FALSE,FALSE,FALSE,TRUE,FALSE,TRUE,FALSE,FALSE,6/29/2021,TRUE,FALSE,0055A000009GC2nQAG,Standard
0055A00000BclF5QAJ,TRUE,TRUE,FALSE,FALSE,FALSE,TRUE,FALSE,FALSE,FALSE,FALSE,FALSE,N,Other,United States,FALSE,0055A000009s6n0QAA,3/7/2019,N,Other,FALSE,FALSE,FALSE,FALSE,FALSE,FALSE,FALSE,FALSE,FALSE,FALSE,TRUE,FALSE,FALSE,FALSE,FALSE,FALSE,TRUE,FALSE,FALSE,FALSE,FALSE,Jacob King,FALSE,FALSE,FALSE,FALSE,FALSE,FALSE,FALSE,FALSE,FALSE,FALSE,FALSE,FALSE,FALSE,FALSE,TRUE,FALSE,FALSE,FALSE,FALSE,en_US,,4/7/2021 18:29,TRUE,en_US,FALSE,Other,FALSE,FALSE,0,FALSE,Jake,FALSE,FALSE,FALSE,FALSE,00e5A000001NbJXQA0,FALSE,FALSE,FALSE,FALSE,FALSE,FALSE,Other,FALSE,FALSE,FALSE,FALSE,FALSE,FALSE,FALSE,FALSE,FALSE,FALSE,FALSE,FALSE,FALSE,FALSE,FALSE,FALSE,FALSE,FALSE,FALSE,FALSE,FALSE,FALSE,FALSE,FALSE,FALSE,FALSE,FALSE,TRUE,FALSE,TRUE,FALSE,FALSE,6/29/2021,TRUE,FALSE,0055A000009GC2oQAG,Standard
005i0000000fpvQAAQ,FALSE,TRUE,TRUE,FALSE,FALSE,TRUE,FALSE,FALSE,FALSE,FALSE,FALSE,D,Other,Other,FALSE,005i0000000fpvQAAQ,3/11/2019,N,Other,FALSE,FALSE,FALSE,FALSE,FALSE,FALSE,FALSE,FALSE,FALSE,FALSE,TRUE,FALSE,FALSE,FALSE,FALSE,FALSE,TRUE,FALSE,FALSE,FALSE,FALSE,Lily Scott,FALSE,FALSE,FALSE,FALSE,FALSE,FALSE,FALSE,FALSE,FALSE,FALSE,FALSE,FALSE,FALSE,FALSE,TRUE,FALSE,FALSE,TRUE,FALSE,en_US,9/11/2019,10/18/2019 15:59,TRUE,en_US,FALSE,Other,FALSE,FALSE,0,FALSE,Lil,FALSE,FALSE,FALSE,FALSE,00ei0000000vIz0AAE,FALSE,FALSE,FALSE,FALSE,FALSE,FALSE,Other,FALSE,FALSE,FALSE,FALSE,FALSE,FALSE,FALSE,FALSE,FALSE,FALSE,FALSE,FALSE,FALSE,FALSE,FALSE,FALSE,FALSE,FALSE,FALSE,FALSE,FALSE,FALSE,FALSE,TRUE,FALSE,FALSE,FALSE,TRUE,FALSE,TRUE,FALSE,FALSE,6/29/2021,TRUE,FALSE,0055A000009GE6EQAW,Standard
0055A00000BclF5QAJ,FALSE,TRUE,TRUE,FALSE,FALSE,TRUE,FALSE,FALSE,FALSE,FALSE,FALSE,D,Other,United States,FALSE,005i0000000fpvQAAQ,4/2/2019,N,Other,FALSE,FALSE,FALSE,FALSE,FALSE,FALSE,FALSE,FALSE,FALSE,FALSE,TRUE,FALSE,FALSE,FALSE,FALSE,FALSE,TRUE,FALSE,FALSE,FALSE,TRUE,Michael Green,FALSE,FALSE,FALSE,FALSE,FALSE,FALSE,FALSE,FALSE,FALSE,FALSE,FALSE,FALSE,FALSE,FALSE,TRUE,FALSE,FALSE,TRUE,FALSE,en_US,6/25/2021,9/28/2021 12:55,TRUE,en_US,FALSE,0055A00000BnyYCQAZ,FALSE,FALSE,15884,FALSE,Mike,FALSE,FALSE,FALSE,FALSE,00e5A000001rJB7QAM,FALSE,FALSE,FALSE,FALSE,FALSE,FALSE,00E5A000001F19gUAC,FALSE,FALSE,FALSE,FALSE,FALSE,FALSE,FALSE,FALSE,FALSE,FALSE,FALSE,FALSE,FALSE,FALSE,FALSE,FALSE,FALSE,FALSE,FALSE,FALSE,FALSE,FALSE,FALSE,TRUE,FALSE,FALSE,FALSE,TRUE,FALSE,TRUE,FALSE,FALSE,9/28/2021,TRUE,FALSE,0055A000009GS5GQAW,Standard
0055A000009s6n0QAA,FALSE,TRUE,TRUE,FALSE,FALSE,TRUE,FALSE,FALSE,FALSE,FALSE,FALSE,D,Other,Other,FALSE,005i0000000fpvQAAQ,4/24/2019,N,Other,FALSE,FALSE,FALSE,FALSE,FALSE,FALSE,FALSE,FALSE,FALSE,FALSE,TRUE,FALSE,FALSE,FALSE,FALSE,FALSE,TRUE,FALSE,FALSE,FALSE,FALSE,Ella Adams,FALSE,FALSE,FALSE,FALSE,FALSE,FALSE,FALSE,FALSE,FALSE,FALSE,FALSE,FALSE,FALSE,FALSE,TRUE,FALSE,FALSE,TRUE,FALSE,en_US,3/2/2020,4/23/2020 13:24,TRUE,en_US,FALSE,Other,FALSE,FALSE,0,FALSE,Elle,FALSE,FALSE,FALSE,FALSE,00e5A000001Ztv5QAC,FALSE,FALSE,FALSE,FALSE,FALSE,FALSE,Other,FALSE,FALSE,FALSE,FALSE,FALSE,FALSE,FALSE,FALSE,FALSE,FALSE,FALSE,FALSE,FALSE,FALSE,FALSE,FALSE,FALSE,FALSE,FALSE,FALSE,FALSE,FALSE,FALSE,TRUE,FALSE,FALSE,FALSE,TRUE,FALSE,TRUE,FALSE,FALSE,6/29/2021,TRUE,FALSE,0055A000009GjocQAC,Standard
0055A00000BclF5QAJ,TRUE,TRUE,TRUE,FALSE,FALSE,TRUE,FALSE,FALSE,FALSE,FALSE,FALSE,D,Other,United States,FALSE,005i0000000fpvQAAQ,5/9/2019,N,Other,FALSE,FALSE,FALSE,FALSE,FALSE,FALSE,FALSE,FALSE,FALSE,FALSE,TRUE,FALSE,FALSE,FALSE,FALSE,FALSE,TRUE,FALSE,FALSE,FALSE,TRUE,Alexander Baker,FALSE,FALSE,FALSE,FALSE,FALSE,FALSE,FALSE,FALSE,FALSE,FALSE,FALSE,FALSE,FALSE,FALSE,TRUE,FALSE,FALSE,TRUE,FALSE,en_US,6/29/2021,8/16/2021 14:12,TRUE,en_US,FALSE,00531000008F2qlAAC,FALSE,FALSE,25215,FALSE,Alex,FALSE,FALSE,FALSE,FALSE,00e5A000001rJEpQAM,FALSE,FALSE,FALSE,FALSE,FALSE,FALSE,00E5A000001F19pUAC,FALSE,FALSE,FALSE,FALSE,FALSE,FALSE,FALSE,FALSE,FALSE,FALSE,FALSE,FALSE,FALSE,FALSE,FALSE,FALSE,FALSE,FALSE,FALSE,FALSE,FALSE,FALSE,FALSE,TRUE,FALSE,FALSE,FALSE,TRUE,FALSE,TRUE,FALSE,FALSE,8/16/2021,TRUE,FALSE,0055A000009GxI2QAK,Standard
005i0000000uARWAA2,TRUE,TRUE,FALSE,FALSE,FALSE,TRUE,FALSE,FALSE,FALSE,FALSE,FALSE,N,Other,Other,FALSE,005i0000000uARWAA2,6/15/2019,N,Other,FALSE,FALSE,FALSE,FALSE,FALSE,FALSE,FALSE,FALSE,FALSE,FALSE,TRUE,FALSE,FALSE,FALSE,FALSE,FALSE,TRUE,FALSE,FALSE,FALSE,FALSE,Scarlett Gonzalez,FALSE,FALSE,FALSE,FALSE,FALSE,FALSE,FALSE,FALSE,FALSE,FALSE,FALSE,FALSE,FALSE,FALSE,TRUE,FALSE,FALSE,TRUE,FALSE,en_US,,6/15/2019 7:47,TRUE,en_US,FALSE,Other,FALSE,FALSE,0,FALSE,Scout,FALSE,FALSE,FALSE,FALSE,00e5A000001XTvCQAW,FALSE,FALSE,FALSE,FALSE,FALSE,FALSE,Other,FALSE,FALSE,FALSE,FALSE,FALSE,FALSE,FALSE,FALSE,FALSE,FALSE,FALSE,FALSE,FALSE,FALSE,FALSE,FALSE,FALSE,FALSE,FALSE,FALSE,FALSE,FALSE,FALSE,TRUE,FALSE,FALSE,FALSE,TRUE,FALSE,TRUE,FALSE,FALSE,6/29/2021,TRUE,FALSE,0055A000009HWEIQA4,CloudIntegrationUser
005i0000000uARWAA2,TRUE,TRUE,FALSE,FALSE,FALSE,TRUE,FALSE,FALSE,FALSE,FALSE,FALSE,N,Other,Other,FALSE,005i0000000uARWAA2,12/18/2018,N,Other,FALSE,FALSE,FALSE,FALSE,FALSE,FALSE,FALSE,FALSE,FALSE,FALSE,TRUE,FALSE,FALSE,FALSE,FALSE,FALSE,TRUE,FALSE,FALSE,FALSE,FALSE,William Nelson,FALSE,FALSE,FALSE,FALSE,FALSE,FALSE,FALSE,FALSE,FALSE,FALSE,FALSE,FALSE,FALSE,FALSE,FALSE,FALSE,FALSE,FALSE,FALSE,en_US,6/29/2021,12/18/2018 17:11,FALSE,en_US,FALSE,Other,FALSE,FALSE,0,FALSE,Will,FALSE,FALSE,FALSE,FALSE,00e5A000001fPx7QAE,FALSE,FALSE,FALSE,FALSE,FALSE,FALSE,Other,FALSE,FALSE,FALSE,FALSE,FALSE,FALSE,FALSE,FALSE,FALSE,FALSE,FALSE,FALSE,FALSE,FALSE,FALSE,FALSE,FALSE,FALSE,FALSE,FALSE,FALSE,FALSE,FALSE,FALSE,FALSE,FALSE,FALSE,TRUE,FALSE,TRUE,FALSE,FALSE,7/5/2021,TRUE,FALSE,0055A000009s49DQAQ,Standard
0055A000009s6n0QAA,TRUE,TRUE,TRUE,FALSE,FALSE,TRUE,FALSE,FALSE,FALSE,TRUE,FALSE,D,Other,United States,FALSE,00531000008FFH0AAO,12/21/2018,N,Other,FALSE,FALSE,FALSE,FALSE,FALSE,FALSE,FALSE,FALSE,FALSE,FALSE,TRUE,FALSE,FALSE,FALSE,FALSE,FALSE,TRUE,FALSE,FALSE,FALSE,TRUE,Chloe Carter,FALSE,FALSE,FALSE,FALSE,FALSE,FALSE,FALSE,FALSE,FALSE,FALSE,FALSE,FALSE,FALSE,FALSE,TRUE,FALSE,FALSE,TRUE,FALSE,en_US,6/29/2021,6/29/2021 17:02,TRUE,en_US,FALSE,Other,TRUE,FALSE,0,FALSE,Clo,FALSE,FALSE,FALSE,FALSE,00e5A000001ZwnmQAC,FALSE,FALSE,FALSE,FALSE,FALSE,FALSE,Other,FALSE,FALSE,FALSE,FALSE,FALSE,FALSE,FALSE,FALSE,FALSE,FALSE,FALSE,FALSE,FALSE,FALSE,FALSE,FALSE,FALSE,FALSE,FALSE,FALSE,FALSE,FALSE,FALSE,TRUE,FALSE,FALSE,FALSE,TRUE,FALSE,TRUE,FALSE,FALSE,7/5/2021,TRUE,FALSE,0055A000009s6n0QAA,Standard
005i0000000fpvQAAQ,FALSE,TRUE,TRUE,FALSE,FALSE,TRUE,FALSE,FALSE,FALSE,FALSE,FALSE,D,Other,Other,FALSE,005i0000000fpvQAAQ,1/30/2019,N,Other,FALSE,FALSE,FALSE,FALSE,FALSE,FALSE,FALSE,FALSE,FALSE,FALSE,TRUE,FALSE,FALSE,FALSE,FALSE,FALSE,TRUE,FALSE,FALSE,FALSE,FALSE,Daniel Mitchell,FALSE,FALSE,FALSE,FALSE,FALSE,FALSE,FALSE,FALSE,FALSE,FALSE,FALSE,FALSE,FALSE,FALSE,TRUE,FALSE,TRUE,TRUE,FALSE,en_US,12/26/2019,3/16/2020 16:14,TRUE,en_US,FALSE,Other,FALSE,FALSE,0,FALSE,Dan,FALSE,FALSE,FALSE,FALSE,00e5A000001Ztv5QAC,FALSE,FALSE,FALSE,FALSE,FALSE,FALSE,Other,FALSE,FALSE,FALSE,FALSE,FALSE,FALSE,FALSE,FALSE,FALSE,FALSE,FALSE,FALSE,FALSE,FALSE,FALSE,FALSE,FALSE,FALSE,FALSE,FALSE,FALSE,FALSE,FALSE,TRUE,FALSE,FALSE,FALSE,TRUE,FALSE,TRUE,FALSE,FALSE,6/29/2021,TRUE,FALSE,0055A000009sZg0QAE,Standard
0055A00000BclF5QAJ,TRUE,TRUE,TRUE,TRUE,FALSE,TRUE,FALSE,FALSE,FALSE,FALSE,FALSE,D,Other,United States,FALSE,005i0000000fpvQAAQ,1/31/2019,N,Other,FALSE,FALSE,FALSE,FALSE,FALSE,FALSE,FALSE,FALSE,FALSE,FALSE,TRUE,FALSE,FALSE,FALSE,FALSE,FALSE,TRUE,FALSE,FALSE,FALSE,TRUE,Aria Perez,FALSE,FALSE,FALSE,FALSE,FALSE,FALSE,FALSE,FALSE,FALSE,FALSE,FALSE,FALSE,FALSE,FALSE,TRUE,FALSE,FALSE,TRUE,FALSE,en_US,6/29/2021,8/16/2021 14:12,TRUE,en_US,FALSE,00531000007KAsvAAG,FALSE,FALSE,14435,FALSE,Ari,FALSE,FALSE,FALSE,FALSE,00e5A000001rJEpQAM,FALSE,FALSE,FALSE,FALSE,FALSE,FALSE,00E5A000001F19rUAC,FALSE,FALSE,FALSE,FALSE,FALSE,FALSE,FALSE,FALSE,FALSE,FALSE,FALSE,FALSE,FALSE,FALSE,FALSE,FALSE,FALSE,FALSE,FALSE,FALSE,FALSE,FALSE,FALSE,TRUE,FALSE,FALSE,FALSE,TRUE,FALSE,TRUE,FALSE,FALSE,8/16/2021,TRUE,FALSE,0055A000009sa63QAA,Standard
0055A00000BclF5QAJ,TRUE,TRUE,TRUE,FALSE,FALSE,TRUE,FALSE,FALSE,FALSE,FALSE,FALSE,D,Other,United States,FALSE,005i0000000fpvQAAQ,12/3/2019,N,Other,FALSE,FALSE,FALSE,FALSE,FALSE,FALSE,FALSE,FALSE,FALSE,FALSE,TRUE,FALSE,FALSE,FALSE,FALSE,FALSE,TRUE,TRUE,FALSE,FALSE,TRUE,Matthew Roberts,FALSE,FALSE,FALSE,FALSE,FALSE,FALSE,FALSE,FALSE,FALSE,FALSE,FALSE,FALSE,FALSE,FALSE,TRUE,FALSE,FALSE,TRUE,FALSE,en_US,6/29/2021,8/16/2021 14:12,TRUE,en_US,FALSE,0055A00000BcmLYQAZ,FALSE,FALSE,24740,FALSE,Matt,FALSE,FALSE,FALSE,FALSE,00e5A000001rJEkQAM,FALSE,FALSE,FALSE,FALSE,FALSE,FALSE,00E5A000001F1A1UAK,FALSE,FALSE,FALSE,FALSE,FALSE,FALSE,FALSE,FALSE,FALSE,FALSE,FALSE,FALSE,FALSE,FALSE,FALSE,FALSE,FALSE,FALSE,FALSE,FALSE,FALSE,FALSE,FALSE,TRUE,FALSE,FALSE,FALSE,TRUE,FALSE,TRUE,FALSE,FALSE,8/16/2021,TRUE,FALSE,0055A00000BNXCfQAP,Standard
0055A00000BclF5QAJ,TRUE,TRUE,TRUE,FALSE,FALSE,TRUE,FALSE,FALSE,FALSE,FALSE,FALSE,D,Other,Other,FALSE,005i0000000fpvQAAQ,10/18/2019,N,Other,FALSE,FALSE,FALSE,FALSE,FALSE,FALSE,FALSE,FALSE,FALSE,FALSE,TRUE,FALSE,FALSE,FALSE,FALSE,FALSE,TRUE,FALSE,FALSE,FALSE,TRUE,Zoey Turner,FALSE,FALSE,FALSE,FALSE,FALSE,FALSE,FALSE,FALSE,FALSE,FALSE,FALSE,FALSE,FALSE,FALSE,TRUE,FALSE,FALSE,TRUE,FALSE,en_US,6/29/2021,5/19/2021 17:46,TRUE,en_US,FALSE,0055A00000BcmLYQAZ,FALSE,FALSE,0,FALSE,Z,FALSE,FALSE,FALSE,FALSE,00e5A000001rJEkQAM,FALSE,FALSE,FALSE,FALSE,FALSE,FALSE,00E5A000001F19xUAC,FALSE,FALSE,FALSE,FALSE,FALSE,FALSE,FALSE,FALSE,FALSE,FALSE,FALSE,FALSE,FALSE,FALSE,FALSE,FALSE,FALSE,FALSE,FALSE,FALSE,FALSE,FALSE,FALSE,TRUE,FALSE,FALSE,FALSE,TRUE,FALSE,TRUE,FALSE,FALSE,7/5/2021,TRUE,FALSE,0055A00000BNpn5QAD,Standard
0055A00000BclF5QAJ,TRUE,TRUE,TRUE,FALSE,FALSE,TRUE,FALSE,FALSE,FALSE,FALSE,FALSE,D,Other,UNITED STATES,FALSE,005i0000000fpvQAAQ,11/7/2019,N,Other,FALSE,FALSE,FALSE,FALSE,FALSE,FALSE,FALSE,FALSE,FALSE,FALSE,TRUE,FALSE,FALSE,FALSE,FALSE,FALSE,TRUE,FALSE,FALSE,FALSE,TRUE,David Phillips,FALSE,FALSE,FALSE,FALSE,FALSE,FALSE,FALSE,FALSE,FALSE,FALSE,FALSE,FALSE,FALSE,FALSE,TRUE,FALSE,FALSE,TRUE,FALSE,en_US,6/17/2021,8/16/2021 14:12,TRUE,en_US,FALSE,0055A00000Bd10BQAR,FALSE,FALSE,1439,FALSE,Dave,FALSE,FALSE,FALSE,FALSE,00e5A000001rJFEQA2,FALSE,FALSE,FALSE,FALSE,FALSE,FALSE,00E5A000001F1A8UAK,FALSE,FALSE,FALSE,FALSE,FALSE,FALSE,FALSE,FALSE,FALSE,FALSE,FALSE,FALSE,FALSE,FALSE,FALSE,FALSE,FALSE,FALSE,FALSE,FALSE,FALSE,FALSE,FALSE,TRUE,FALSE,FALSE,FALSE,TRUE,FALSE,TRUE,FALSE,FALSE,8/16/2021,TRUE,FALSE,0055A00000BO570QAD,Standard
0055A00000BclF5QAJ,FALSE,TRUE,TRUE,FALSE,FALSE,TRUE,FALSE,FALSE,FALSE,FALSE,FALSE,D,Other,Other,FALSE,005i0000000fpvQAAQ,3/16/2020,N,Other,FALSE,FALSE,FALSE,FALSE,FALSE,FALSE,FALSE,FALSE,FALSE,FALSE,TRUE,FALSE,FALSE,FALSE,FALSE,FALSE,TRUE,FALSE,FALSE,FALSE,FALSE,Layla Campbell,FALSE,FALSE,FALSE,FALSE,FALSE,FALSE,FALSE,FALSE,FALSE,FALSE,FALSE,FALSE,FALSE,FALSE,TRUE,FALSE,FALSE,TRUE,FALSE,en_US,2/26/2021,3/30/2021 14:47,TRUE,en_US,FALSE,Other,FALSE,FALSE,0,FALSE,Lay,FALSE,FALSE,FALSE,FALSE,00e5A000001rJEkQAM,FALSE,FALSE,FALSE,FALSE,FALSE,FALSE,Other,FALSE,FALSE,FALSE,FALSE,FALSE,FALSE,FALSE,FALSE,FALSE,FALSE,FALSE,FALSE,FALSE,FALSE,FALSE,FALSE,FALSE,FALSE,FALSE,FALSE,FALSE,FALSE,FALSE,TRUE,FALSE,FALSE,FALSE,TRUE,FALSE,TRUE,FALSE,FALSE,6/29/2021,TRUE,FALSE,0055A00000Bb2djQAB,Standard
0055A00000BclF5QAJ,FALSE,TRUE,TRUE,FALSE,FALSE,TRUE,FALSE,FALSE,FALSE,FALSE,FALSE,D,Other,Other,FALSE,005i0000000fpvQAAQ,1/11/2021,N,Other,FALSE,FALSE,FALSE,FALSE,FALSE,FALSE,FALSE,FALSE,FALSE,FALSE,TRUE,FALSE,FALSE,FALSE,FALSE,FALSE,TRUE,FALSE,FALSE,FALSE,TRUE,Joseph Parker,FALSE,FALSE,FALSE,FALSE,FALSE,FALSE,FALSE,FALSE,FALSE,FALSE,FALSE,FALSE,FALSE,FALSE,TRUE,FALSE,TRUE,TRUE,FALSE,en_US,6/16/2021,8/30/2021 13:11,TRUE,en_US,FALSE,0055A00000BnyYCQAZ,TRUE,FALSE,25867,FALSE,Joe,FALSE,FALSE,FALSE,FALSE,00e5A000001rJB7QAM,FALSE,FALSE,FALSE,FALSE,FALSE,FALSE,00E5A000001F19wUAC,FALSE,FALSE,FALSE,FALSE,FALSE,FALSE,FALSE,FALSE,FALSE,FALSE,FALSE,FALSE,FALSE,FALSE,FALSE,FALSE,FALSE,FALSE,FALSE,FALSE,FALSE,FALSE,FALSE,TRUE,FALSE,FALSE,FALSE,TRUE,FALSE,TRUE,FALSE,FALSE,8/30/2021,TRUE,FALSE,0055A00000BclEvQAJ,Standard
0055A00000BclF5QAJ,FALSE,TRUE,TRUE,FALSE,FALSE,TRUE,FALSE,FALSE,FALSE,FALSE,FALSE,D,Other,Other,FALSE,005i0000000fpvQAAQ,1/11/2021,N,Other,FALSE,FALSE,FALSE,FALSE,FALSE,FALSE,FALSE,FALSE,FALSE,FALSE,TRUE,FALSE,FALSE,FALSE,FALSE,FALSE,TRUE,FALSE,FALSE,FALSE,FALSE,Stella Evans,FALSE,FALSE,FALSE,FALSE,FALSE,FALSE,FALSE,FALSE,FALSE,FALSE,FALSE,FALSE,FALSE,FALSE,TRUE,FALSE,TRUE,TRUE,FALSE,en_US,3/23/2021,4/7/2021 18:30,TRUE,en_US,FALSE,Other,FALSE,FALSE,0,FALSE,Stell,FALSE,FALSE,FALSE,FALSE,00e5A000001rJB7QAM,FALSE,FALSE,FALSE,FALSE,FALSE,FALSE,Other,FALSE,FALSE,FALSE,FALSE,FALSE,FALSE,FALSE,FALSE,FALSE,FALSE,FALSE,FALSE,FALSE,FALSE,FALSE,FALSE,FALSE,FALSE,FALSE,FALSE,FALSE,FALSE,FALSE,TRUE,FALSE,FALSE,FALSE,TRUE,FALSE,TRUE,FALSE,FALSE,6/29/2021,TRUE,FALSE,0055A00000BclF0QAJ,Standard
0055A00000BclF5QAJ,TRUE,TRUE,TRUE,FALSE,FALSE,TRUE,FALSE,FALSE,FALSE,FALSE,FALSE,D,Other,United States,FALSE,005i0000000fpvQAAQ,1/11/2021,N,Other,FALSE,FALSE,FALSE,FALSE,FALSE,FALSE,FALSE,FALSE,FALSE,FALSE,TRUE,FALSE,FALSE,FALSE,FALSE,FALSE,TRUE,TRUE,FALSE,FALSE,TRUE,Samuel Edwards,FALSE,FALSE,FALSE,TRUE,FALSE,FALSE,FALSE,FALSE,FALSE,FALSE,FALSE,FALSE,TRUE,FALSE,TRUE,FALSE,TRUE,TRUE,FALSE,en_US,12/27/2021,11/30/2021 17:43,TRUE,en_US,TRUE,005i0000000fpvQAAQ,TRUE,FALSE,25869,FALSE,Sam,FALSE,TRUE,FALSE,FALSE,00ei0000000vIysAAE,FALSE,FALSE,FALSE,FALSE,FALSE,FALSE,00E5A000001F19fUAC,FALSE,FALSE,FALSE,FALSE,FALSE,FALSE,FALSE,FALSE,FALSE,FALSE,FALSE,FALSE,FALSE,FALSE,FALSE,FALSE,FALSE,FALSE,FALSE,FALSE,FALSE,FALSE,FALSE,TRUE,FALSE,FALSE,FALSE,TRUE,FALSE,TRUE,FALSE,FALSE,12/28/2021,TRUE,FALSE,0055A00000BclF5QAJ,Standard
0055A00000BclF5QAJ,TRUE,TRUE,TRUE,FALSE,FALSE,TRUE,FALSE,FALSE,FALSE,FALSE,FALSE,D,Other,United States,FALSE,005i0000000fpvQAAQ,1/11/2021,N,Other,FALSE,FALSE,FALSE,FALSE,FALSE,FALSE,FALSE,FALSE,FALSE,FALSE,TRUE,FALSE,FALSE,FALSE,FALSE,FALSE,TRUE,FALSE,FALSE,FALSE,TRUE,Natalie Edwards,FALSE,FALSE,FALSE,FALSE,FALSE,FALSE,FALSE,FALSE,FALSE,FALSE,FALSE,FALSE,FALSE,FALSE,TRUE,FALSE,TRUE,TRUE,FALSE,en_US,6/29/2021,8/16/2021 14:12,TRUE,en_US,FALSE,Other,TRUE,FALSE,25870,FALSE,Nat,FALSE,FALSE,FALSE,FALSE,00e5A000001rJB7QAM,FALSE,FALSE,FALSE,FALSE,FALSE,FALSE,00E5A000001F1A3UAK,FALSE,FALSE,FALSE,FALSE,FALSE,FALSE,FALSE,FALSE,FALSE,FALSE,FALSE,FALSE,FALSE,FALSE,FALSE,FALSE,FALSE,FALSE,FALSE,FALSE,FALSE,FALSE,FALSE,TRUE,FALSE,FALSE,FALSE,TRUE,FALSE,TRUE,FALSE,FALSE,8/16/2021,TRUE,FALSE,0055A00000BclFAQAZ,Standard
0055A00000BclF5QAJ,TRUE,TRUE,TRUE,FALSE,FALSE,TRUE,FALSE,FALSE,FALSE,FALSE,FALSE,D,Other,United States,FALSE,0055A00000BclF5QAJ,1/13/2021,N,Other,FALSE,FALSE,FALSE,FALSE,FALSE,FALSE,FALSE,FALSE,FALSE,FALSE,TRUE,FALSE,FALSE,FALSE,FALSE,FALSE,TRUE,FALSE,FALSE,FALSE,TRUE,Henry Collins,FALSE,FALSE,FALSE,FALSE,FALSE,FALSE,FALSE,FALSE,FALSE,FALSE,FALSE,FALSE,FALSE,FALSE,TRUE,FALSE,TRUE,TRUE,FALSE,en_US,6/27/2021,8/16/2021 14:12,TRUE,en_US,FALSE,Other,FALSE,FALSE,1501,FALSE,Hank,FALSE,FALSE,FALSE,FALSE,00e5A000001rJFEQA2,FALSE,FALSE,FALSE,FALSE,FALSE,FALSE,00E5A000001F1A6UAK,FALSE,FALSE,FALSE,FALSE,FALSE,FALSE,FALSE,FALSE,FALSE,FALSE,FALSE,FALSE,FALSE,FALSE,FALSE,FALSE,FALSE,FALSE,FALSE,FALSE,FALSE,FALSE,FALSE,TRUE,FALSE,FALSE,FALSE,TRUE,FALSE,TRUE,FALSE,FALSE,8/16/2021,TRUE,FALSE,0055A00000BclngQAB,Standard
0055A00000BclF5QAJ,TRUE,TRUE,TRUE,FALSE,FALSE,TRUE,FALSE,FALSE,FALSE,FALSE,FALSE,D,Boston,United States,FALSE,0055A00000BclF5QAJ,1/13/2021,N,Other,FALSE,FALSE,FALSE,FALSE,FALSE,FALSE,FALSE,FALSE,FALSE,FALSE,TRUE,FALSE,FALSE,FALSE,FALSE,FALSE,TRUE,FALSE,FALSE,FALSE,TRUE,Hannah Stewart,FALSE,FALSE,FALSE,FALSE,FALSE,FALSE,FALSE,FALSE,FALSE,FALSE,FALSE,FALSE,FALSE,FALSE,TRUE,FALSE,TRUE,TRUE,FALSE,en_US,6/29/2021,8/16/2021 14:12,TRUE,en_US,FALSE,Other,FALSE,FALSE,1493,FALSE,Han,FALSE,FALSE,FALSE,FALSE,00e5A000001rJFEQA2,FALSE,FALSE,FALSE,FALSE,FALSE,FALSE,00E5A000001F1A7UAK,FALSE,FALSE,FALSE,FALSE,FALSE,FALSE,FALSE,FALSE,FALSE,FALSE,FALSE,FALSE,FALSE,FALSE,FALSE,FALSE,FALSE,FALSE,FALSE,FALSE,FALSE,FALSE,FALSE,TRUE,FALSE,FALSE,FALSE,TRUE,FALSE,TRUE,FALSE,FALSE,8/16/2021,TRUE,FALSE,0055A00000BcloPQAR,Standard
0055A00000BclF5QAJ,TRUE,TRUE,TRUE,TRUE,FALSE,TRUE,FALSE,FALSE,FALSE,FALSE,FALSE,D,Boston,United States,FALSE,0055A00000BclF5QAJ,1/19/2021,N,Field Forensics,FALSE,FALSE,FALSE,FALSE,FALSE,FALSE,FALSE,FALSE,FALSE,FALSE,TRUE,FALSE,FALSE,FALSE,FALSE,FALSE,TRUE,FALSE,FALSE,FALSE,TRUE,Jackson Sanchez,FALSE,FALSE,FALSE,FALSE,FALSE,FALSE,FALSE,FALSE,FALSE,FALSE,FALSE,FALSE,FALSE,FALSE,TRUE,FALSE,TRUE,TRUE,FALSE,en_US,6/29/2021,8/16/2021 14:12,TRUE,en_US,FALSE,0055A00000BnRGTQA3,TRUE,FALSE,25891,FALSE,Jax,FALSE,TRUE,FALSE,FALSE,00e5A000001rJEpQAM,FALSE,FALSE,FALSE,FALSE,FALSE,FALSE,00E5A000001F19jUAC,FALSE,FALSE,FALSE,FALSE,FALSE,FALSE,FALSE,FALSE,FALSE,FALSE,FALSE,FALSE,FALSE,FALSE,FALSE,FALSE,FALSE,FALSE,FALSE,FALSE,FALSE,FALSE,FALSE,TRUE,FALSE,FALSE,FALSE,TRUE,FALSE,TRUE,FALSE,FALSE,8/16/2021,TRUE,FALSE,0055A00000BcmLTQAZ,Standard
0055A00000BclF5QAJ,TRUE,TRUE,TRUE,TRUE,FALSE,TRUE,FALSE,FALSE,FALSE,FALSE,FALSE,D,Other,Other,FALSE,0055A00000BclF5QAJ,1/19/2021,N,Other,FALSE,FALSE,FALSE,FALSE,FALSE,FALSE,FALSE,FALSE,FALSE,FALSE,TRUE,FALSE,FALSE,FALSE,FALSE,FALSE,TRUE,FALSE,FALSE,FALSE,TRUE,Leah Morales,FALSE,FALSE,FALSE,FALSE,FALSE,FALSE,FALSE,FALSE,FALSE,FALSE,FALSE,FALSE,FALSE,FALSE,TRUE,FALSE,TRUE,TRUE,TRUE,en_US,6/29/2021,8/16/2021 14:12,TRUE,en_GB,FALSE,0055A00000Bd10BQAR,FALSE,FALSE,26010,FALSE,Lee,FALSE,FALSE,FALSE,FALSE,00e5A000001rJEkQAM,FALSE,FALSE,FALSE,FALSE,FALSE,FALSE,00E5A000001F19zUAC,FALSE,FALSE,FALSE,FALSE,FALSE,FALSE,FALSE,FALSE,FALSE,FALSE,FALSE,FALSE,FALSE,FALSE,FALSE,FALSE,FALSE,FALSE,FALSE,FALSE,FALSE,FALSE,FALSE,TRUE,FALSE,FALSE,FALSE,TRUE,FALSE,TRUE,FALSE,FALSE,8/16/2021,TRUE,FALSE,0055A00000BcmLYQAZ,Standard
0055A00000BclF5QAJ,TRUE,TRUE,TRUE,TRUE,FALSE,TRUE,FALSE,FALSE,FALSE,FALSE,FALSE,D,Other,Other,FALSE,0055A00000BclF5QAJ,1/20/2021,N,Other,FALSE,FALSE,FALSE,FALSE,FALSE,FALSE,FALSE,FALSE,FALSE,FALSE,TRUE,FALSE,FALSE,FALSE,FALSE,FALSE,TRUE,FALSE,FALSE,FALSE,TRUE,Carter Rivera,FALSE,FALSE,FALSE,FALSE,FALSE,FALSE,FALSE,FALSE,FALSE,FALSE,FALSE,FALSE,FALSE,FALSE,TRUE,FALSE,TRUE,TRUE,FALSE,en_US,6/25/2021,8/16/2021 14:12,TRUE,fr_FR,FALSE,0055A00000BcmLYQAZ,FALSE,FALSE,26116,FALSE,Cart,FALSE,FALSE,FALSE,FALSE,00e5A000001rJEkQAM,FALSE,FALSE,FALSE,FALSE,FALSE,FALSE,00E5A000001F19yUAC,FALSE,FALSE,FALSE,FALSE,FALSE,FALSE,FALSE,FALSE,FALSE,FALSE,FALSE,FALSE,FALSE,FALSE,FALSE,FALSE,FALSE,FALSE,FALSE,FALSE,FALSE,FALSE,FALSE,TRUE,FALSE,FALSE,FALSE,TRUE,FALSE,TRUE,FALSE,FALSE,8/16/2021,TRUE,FALSE,0055A00000BcmS5QAJ,Standard
0055A00000BclF5QAJ,TRUE,TRUE,TRUE,FALSE,FALSE,TRUE,FALSE,FALSE,FALSE,FALSE,FALSE,D,Other,United States,FALSE,0055A00000BclF5QAJ,2/8/2021,N,Other,FALSE,FALSE,FALSE,FALSE,FALSE,FALSE,FALSE,FALSE,FALSE,FALSE,TRUE,FALSE,FALSE,FALSE,FALSE,FALSE,TRUE,FALSE,FALSE,FALSE,TRUE,Lillian Cooper,FALSE,FALSE,FALSE,FALSE,FALSE,FALSE,FALSE,FALSE,FALSE,FALSE,FALSE,FALSE,FALSE,FALSE,TRUE,FALSE,TRUE,TRUE,FALSE,en_US,6/29/2021,8/16/2021 14:12,TRUE,en_US,FALSE,0055A000008iLmhQAE,FALSE,FALSE,26041,FALSE,Lilly,FALSE,FALSE,FALSE,FALSE,00e5A000001rJFEQA2,FALSE,FALSE,FALSE,FALSE,FALSE,FALSE,00E5A000001F1A5UAK,FALSE,FALSE,FALSE,FALSE,FALSE,FALSE,FALSE,FALSE,FALSE,FALSE,FALSE,FALSE,FALSE,FALSE,FALSE,FALSE,FALSE,FALSE,FALSE,FALSE,FALSE,FALSE,FALSE,TRUE,FALSE,FALSE,FALSE,TRUE,FALSE,TRUE,FALSE,FALSE,8/16/2021,TRUE,FALSE,0055A00000Bcr2WQAR,Standard
0055A00000BclF5QAJ,TRUE,TRUE,TRUE,FALSE,FALSE,TRUE,FALSE,FALSE,FALSE,FALSE,FALSE,D,Other,United States,FALSE,0055A00000BclF5QAJ,2/8/2021,N,Other,FALSE,FALSE,FALSE,FALSE,FALSE,FALSE,FALSE,FALSE,FALSE,FALSE,TRUE,FALSE,FALSE,FALSE,FALSE,FALSE,TRUE,FALSE,FALSE,FALSE,TRUE,Wyatt Reed,FALSE,FALSE,FALSE,FALSE,FALSE,FALSE,FALSE,FALSE,FALSE,FALSE,FALSE,FALSE,FALSE,FALSE,TRUE,FALSE,TRUE,TRUE,FALSE,en_US,6/24/2021,8/16/2021 14:12,TRUE,en_US,FALSE,0055A00000BnyYCQAZ,TRUE,FALSE,26004,FALSE,Wy,FALSE,FALSE,FALSE,FALSE,00e5A000001rJB7QAM,FALSE,FALSE,FALSE,FALSE,FALSE,FALSE,00E5A000001F19gUAC,FALSE,FALSE,FALSE,FALSE,FALSE,FALSE,FALSE,FALSE,FALSE,FALSE,FALSE,FALSE,FALSE,FALSE,FALSE,FALSE,FALSE,FALSE,FALSE,FALSE,FALSE,FALSE,FALSE,TRUE,FALSE,FALSE,FALSE,TRUE,FALSE,TRUE,FALSE,FALSE,8/16/2021,TRUE,FALSE,0055A00000Bcr51QAB,Standard
0055A00000BclF5QAJ,TRUE,TRUE,TRUE,FALSE,FALSE,TRUE,FALSE,FALSE,FALSE,FALSE,FALSE,D,Other,United States,FALSE,0055A00000BclF5QAJ,2/8/2021,N,Other,FALSE,FALSE,FALSE,FALSE,FALSE,FALSE,FALSE,FALSE,FALSE,FALSE,TRUE,FALSE,FALSE,FALSE,FALSE,FALSE,TRUE,FALSE,FALSE,FALSE,TRUE,Grace Torres,FALSE,FALSE,FALSE,FALSE,FALSE,FALSE,FALSE,FALSE,FALSE,FALSE,FALSE,FALSE,FALSE,FALSE,TRUE,FALSE,TRUE,TRUE,FALSE,en_US,6/29/2021,8/16/2021 14:12,TRUE,en_US,FALSE,0055A00000BnyYCQAZ,FALSE,FALSE,1480,FALSE,G,FALSE,FALSE,FALSE,FALSE,00e5A000001rJB7QAM,FALSE,FALSE,FALSE,FALSE,FALSE,FALSE,00E5A000001F19wUAC,FALSE,FALSE,FALSE,FALSE,FALSE,FALSE,FALSE,FALSE,FALSE,FALSE,FALSE,FALSE,FALSE,FALSE,FALSE,FALSE,FALSE,FALSE,FALSE,FALSE,FALSE,FALSE,FALSE,TRUE,FALSE,FALSE,FALSE,TRUE,FALSE,TRUE,FALSE,FALSE,12/2/2021,TRUE,FALSE,0055A00000Bcr5BQAR,Standard
0055A00000BcrkYQAR,TRUE,TRUE,TRUE,FALSE,FALSE,TRUE,FALSE,FALSE,FALSE,FALSE,FALSE,D,Santiago,Chile,FALSE,0055A00000BclF5QAJ,2/9/2021,N,Other,FALSE,FALSE,FALSE,FALSE,FALSE,FALSE,FALSE,FALSE,FALSE,FALSE,TRUE,FALSE,FALSE,FALSE,FALSE,FALSE,TRUE,FALSE,FALSE,FALSE,TRUE,Ryan Morris,FALSE,FALSE,FALSE,FALSE,FALSE,FALSE,FALSE,FALSE,FALSE,FALSE,FALSE,FALSE,FALSE,FALSE,TRUE,FALSE,TRUE,TRUE,FALSE,en_US,6/28/2021,6/14/2021 13:34,TRUE,en_US,FALSE,00531000008F2qlAAC,FALSE,FALSE,0,FALSE,Ry,FALSE,FALSE,FALSE,FALSE,00e5A000001rJEpQAM,FALSE,FALSE,FALSE,FALSE,FALSE,FALSE,00E5A000001F19pUAC,FALSE,FALSE,FALSE,FALSE,FALSE,FALSE,FALSE,FALSE,FALSE,FALSE,FALSE,FALSE,FALSE,FALSE,FALSE,FALSE,FALSE,FALSE,FALSE,FALSE,FALSE,FALSE,FALSE,TRUE,FALSE,FALSE,FALSE,TRUE,FALSE,TRUE,FALSE,FALSE,7/5/2021,TRUE,FALSE,0055A00000BcrkYQAR,Standard
0055A00000BclF5QAJ,TRUE,TRUE,TRUE,FALSE,FALSE,TRUE,FALSE,FALSE,FALSE,FALSE,FALSE,D,Other,United States,FALSE,0055A00000BclF5QAJ,2/15/2021,N,Other,FALSE,FALSE,FALSE,FALSE,FALSE,FALSE,FALSE,FALSE,FALSE,FALSE,TRUE,FALSE,FALSE,FALSE,FALSE,FALSE,TRUE,FALSE,FALSE,FALSE,TRUE,Victoria Rogers,FALSE,FALSE,FALSE,FALSE,FALSE,FALSE,FALSE,FALSE,FALSE,FALSE,FALSE,FALSE,FALSE,FALSE,TRUE,FALSE,TRUE,TRUE,FALSE,en_US,6/25/2021,8/16/2021 14:12,TRUE,en_US,FALSE,Other,FALSE,FALSE,7189,FALSE,Vicky,FALSE,FALSE,FALSE,FALSE,00e5A000001rJF9QAM,FALSE,FALSE,FALSE,FALSE,FALSE,FALSE,00E5A000001F19tUAC,FALSE,FALSE,FALSE,FALSE,FALSE,FALSE,FALSE,FALSE,FALSE,FALSE,FALSE,FALSE,FALSE,FALSE,FALSE,FALSE,FALSE,FALSE,FALSE,FALSE,FALSE,FALSE,FALSE,TRUE,FALSE,FALSE,FALSE,TRUE,FALSE,TRUE,FALSE,FALSE,8/16/2021,TRUE,FALSE,0055A00000Bct3HQAR,Standard
0055A00000BclF5QAJ,TRUE,TRUE,TRUE,FALSE,FALSE,TRUE,FALSE,FALSE,FALSE,FALSE,FALSE,D,Other,United States,FALSE,0055A00000BclF5QAJ,2/15/2021,N,Other,FALSE,FALSE,FALSE,FALSE,FALSE,FALSE,FALSE,FALSE,FALSE,FALSE,TRUE,FALSE,FALSE,FALSE,FALSE,FALSE,TRUE,FALSE,FALSE,FALSE,TRUE,John Diaz,FALSE,FALSE,FALSE,FALSE,FALSE,FALSE,FALSE,FALSE,FALSE,FALSE,FALSE,FALSE,FALSE,FALSE,TRUE,FALSE,TRUE,TRUE,FALSE,en_US,9/30/2021,9/30/2021 15:17,TRUE,en_US,FALSE,0055A00000Bct3HQAR,FALSE,FALSE,26026,FALSE,Johnny,FALSE,FALSE,FALSE,FALSE,00e5A000001rJF9QAM,FALSE,FALSE,FALSE,FALSE,FALSE,FALSE,00E5A000001F19tUAC,FALSE,FALSE,FALSE,FALSE,FALSE,FALSE,FALSE,FALSE,FALSE,FALSE,FALSE,FALSE,FALSE,FALSE,FALSE,FALSE,FALSE,FALSE,FALSE,FALSE,FALSE,FALSE,FALSE,TRUE,FALSE,FALSE,FALSE,TRUE,FALSE,TRUE,FALSE,FALSE,10/7/2021,TRUE,FALSE,0055A00000Bct3RQAR,Standard
0055A00000BclF5QAJ,TRUE,TRUE,TRUE,FALSE,FALSE,TRUE,FALSE,FALSE,FALSE,FALSE,FALSE,D,Other,United States,FALSE,0055A00000BclF5QAJ,2/16/2021,N,Field Application Scientists,FALSE,FALSE,FALSE,FALSE,FALSE,FALSE,FALSE,FALSE,FALSE,FALSE,TRUE,FALSE,FALSE,FALSE,FALSE,FALSE,TRUE,FALSE,FALSE,FALSE,TRUE,Nora Reed,FALSE,FALSE,FALSE,TRUE,FALSE,FALSE,FALSE,FALSE,FALSE,FALSE,FALSE,FALSE,FALSE,FALSE,TRUE,FALSE,TRUE,TRUE,TRUE,en_US,6/29/2021,8/16/2021 14:12,TRUE,en_US,FALSE,Other,FALSE,FALSE,2019,FALSE,Nor,FALSE,FALSE,FALSE,FALSE,00e5A000001rJFEQA2,FALSE,FALSE,FALSE,FALSE,FALSE,FALSE,00E5A000001F1A5UAK,FALSE,FALSE,FALSE,FALSE,FALSE,FALSE,FALSE,FALSE,FALSE,FALSE,FALSE,FALSE,FALSE,FALSE,FALSE,FALSE,FALSE,FALSE,FALSE,FALSE,FALSE,FALSE,FALSE,TRUE,FALSE,FALSE,FALSE,TRUE,FALSE,TRUE,FALSE,FALSE,8/16/2021,TRUE,FALSE,0055A00000BctMiQAJ,Standard
0055A00000BclF5QAJ,TRUE,TRUE,TRUE,FALSE,FALSE,TRUE,FALSE,FALSE,FALSE,FALSE,FALSE,D,Other,United States,FALSE,0055A00000BclF5QAJ,2/16/2021,N,Field Application Scientists,FALSE,FALSE,FALSE,FALSE,FALSE,FALSE,FALSE,FALSE,FALSE,FALSE,TRUE,FALSE,FALSE,FALSE,FALSE,FALSE,TRUE,FALSE,FALSE,FALSE,TRUE,Luke Cook,FALSE,FALSE,FALSE,TRUE,FALSE,FALSE,FALSE,FALSE,FALSE,FALSE,FALSE,FALSE,FALSE,FALSE,TRUE,FALSE,TRUE,TRUE,TRUE,en_US,6/29/2021,8/16/2021 14:12,TRUE,en_US,FALSE,0055A000008iLmcQAE,FALSE,FALSE,25790,FALSE,Lucky,FALSE,FALSE,FALSE,FALSE,00e5A000001rJEkQAM,FALSE,FALSE,FALSE,FALSE,FALSE,FALSE,00E5A000001F19uUAC,FALSE,FALSE,FALSE,FALSE,FALSE,FALSE,FALSE,FALSE,FALSE,FALSE,FALSE,FALSE,FALSE,FALSE,FALSE,FALSE,FALSE,FALSE,FALSE,FALSE,FALSE,FALSE,FALSE,TRUE,FALSE,FALSE,FALSE,TRUE,FALSE,TRUE,FALSE,FALSE,8/16/2021,TRUE,FALSE,0055A00000BctMnQAJ,Standard
0055A00000BclF5QAJ,TRUE,TRUE,TRUE,FALSE,FALSE,TRUE,FALSE,FALSE,FALSE,FALSE,FALSE,D,Other,United States,FALSE,0055A00000BclF5QAJ,2/16/2021,N,ZipChip Product Management and Marketing,FALSE,FALSE,FALSE,FALSE,FALSE,FALSE,FALSE,FALSE,FALSE,FALSE,TRUE,FALSE,FALSE,FALSE,FALSE,FALSE,TRUE,FALSE,FALSE,FALSE,TRUE,Aurora Morgan,FALSE,FALSE,FALSE,FALSE,FALSE,FALSE,FALSE,FALSE,FALSE,FALSE,FALSE,FALSE,FALSE,FALSE,TRUE,FALSE,TRUE,TRUE,TRUE,en_US,6/25/2021,8/16/2021 14:12,TRUE,en_US,FALSE,0055A00000Bnt5cQAB,FALSE,FALSE,6958,FALSE,Rory,FALSE,FALSE,FALSE,FALSE,00e5A000001rJEkQAM,FALSE,FALSE,FALSE,FALSE,FALSE,FALSE,00E5A000001F19wUAC,FALSE,FALSE,FALSE,FALSE,FALSE,FALSE,FALSE,FALSE,FALSE,FALSE,FALSE,FALSE,FALSE,FALSE,FALSE,FALSE,FALSE,FALSE,FALSE,FALSE,FALSE,FALSE,FALSE,TRUE,FALSE,FALSE,FALSE,TRUE,FALSE,TRUE,FALSE,FALSE,8/16/2021,TRUE,FALSE,0055A00000BctMsQAJ,Standard
0055A00000BclF5QAJ,FALSE,TRUE,TRUE,FALSE,FALSE,TRUE,FALSE,FALSE,FALSE,FALSE,FALSE,D,Stow,United States,FALSE,0055A00000BclF5QAJ,2/16/2021,N,Field Application Scientists,FALSE,FALSE,FALSE,FALSE,FALSE,FALSE,FALSE,FALSE,FALSE,FALSE,TRUE,FALSE,FALSE,FALSE,FALSE,FALSE,TRUE,FALSE,FALSE,FALSE,TRUE,Christopher Bell,FALSE,FALSE,FALSE,FALSE,FALSE,FALSE,FALSE,FALSE,FALSE,FALSE,FALSE,FALSE,FALSE,FALSE,TRUE,FALSE,TRUE,TRUE,TRUE,en_US,4/5/2021,5/19/2021 17:52,TRUE,en_US,FALSE,0055A000008iLmcQAE,FALSE,FALSE,0,FALSE,Chris,FALSE,FALSE,FALSE,FALSE,00e5A000001rJEkQAM,FALSE,FALSE,FALSE,FALSE,FALSE,FALSE,Other,FALSE,FALSE,FALSE,FALSE,FALSE,FALSE,FALSE,FALSE,FALSE,FALSE,FALSE,FALSE,FALSE,FALSE,FALSE,FALSE,FALSE,FALSE,FALSE,FALSE,FALSE,FALSE,FALSE,TRUE,FALSE,FALSE,FALSE,TRUE,FALSE,TRUE,FALSE,FALSE,6/29/2021,TRUE,FALSE,0055A00000BctN2QAJ,Standard
0055A00000BclF5QAJ,TRUE,TRUE,TRUE,FALSE,FALSE,TRUE,FALSE,FALSE,FALSE,FALSE,FALSE,D,Other,United States,FALSE,0055A00000BclF5QAJ,2/16/2021,N,Field Application Scientists,FALSE,FALSE,FALSE,FALSE,FALSE,FALSE,FALSE,FALSE,FALSE,FALSE,TRUE,FALSE,FALSE,FALSE,FALSE,FALSE,TRUE,TRUE,FALSE,FALSE,TRUE,Savannah Murphy,FALSE,FALSE,FALSE,TRUE,FALSE,FALSE,FALSE,FALSE,FALSE,FALSE,FALSE,FALSE,FALSE,FALSE,TRUE,FALSE,TRUE,TRUE,TRUE,en_US,6/29/2021,8/16/2021 14:12,TRUE,en_US,FALSE,0055A000008iLmcQAE,FALSE,FALSE,26029,FALSE,Vanna,FALSE,FALSE,FALSE,FALSE,00e5A000001rJEkQAM,FALSE,FALSE,FALSE,FALSE,FALSE,FALSE,00E5A000001F19uUAC,FALSE,FALSE,FALSE,FALSE,FALSE,FALSE,FALSE,FALSE,FALSE,FALSE,FALSE,FALSE,FALSE,FALSE,FALSE,FALSE,FALSE,FALSE,FALSE,FALSE,FALSE,FALSE,FALSE,TRUE,FALSE,FALSE,FALSE,TRUE,FALSE,TRUE,FALSE,FALSE,8/16/2021,TRUE,FALSE,0055A00000BctN7QAJ,Standard
0055A00000BclF5QAJ,TRUE,TRUE,TRUE,FALSE,FALSE,TRUE,FALSE,FALSE,FALSE,FALSE,FALSE,D,Other,United States,FALSE,0055A00000BclF5QAJ,2/25/2021,N,Other,FALSE,FALSE,FALSE,FALSE,FALSE,FALSE,FALSE,FALSE,FALSE,FALSE,TRUE,FALSE,FALSE,FALSE,FALSE,FALSE,TRUE,FALSE,FALSE,FALSE,TRUE,Isaac Bailey,FALSE,FALSE,FALSE,FALSE,FALSE,FALSE,FALSE,FALSE,FALSE,FALSE,FALSE,FALSE,FALSE,FALSE,TRUE,FALSE,TRUE,TRUE,FALSE,en_US,6/23/2021,8/16/2021 14:12,TRUE,en_US,FALSE,0055A00000Bct3HQAR,FALSE,FALSE,26045,FALSE,Ike,FALSE,FALSE,FALSE,FALSE,00e5A000001rJF9QAM,FALSE,FALSE,FALSE,FALSE,FALSE,FALSE,00E5A000001F19tUAC,FALSE,FALSE,FALSE,FALSE,FALSE,FALSE,FALSE,FALSE,FALSE,FALSE,FALSE,FALSE,FALSE,FALSE,FALSE,FALSE,FALSE,FALSE,FALSE,FALSE,FALSE,FALSE,FALSE,TRUE,FALSE,FALSE,FALSE,TRUE,FALSE,TRUE,FALSE,FALSE,8/16/2021,TRUE,FALSE,0055A00000BcvacQAB,Standard
0055A00000BclF5QAJ,TRUE,TRUE,TRUE,FALSE,FALSE,FALSE,FALSE,FALSE,FALSE,FALSE,FALSE,D,Other,United States,FALSE,0055A00000BclF5QAJ,3/3/2021,N,Other,FALSE,FALSE,FALSE,FALSE,FALSE,FALSE,FALSE,FALSE,FALSE,FALSE,TRUE,FALSE,FALSE,FALSE,FALSE,FALSE,TRUE,FALSE,FALSE,FALSE,TRUE,Audrey Rivera,FALSE,FALSE,FALSE,FALSE,FALSE,FALSE,FALSE,FALSE,FALSE,FALSE,FALSE,FALSE,FALSE,FALSE,TRUE,FALSE,TRUE,TRUE,FALSE,en_US,6/29/2021,8/16/2021 14:12,TRUE,en_US,FALSE,0055A00000BcmLYQAZ,FALSE,FALSE,26070,FALSE,Aud,FALSE,FALSE,FALSE,FALSE,00e5A000001rJEkQAM,FALSE,FALSE,FALSE,FALSE,FALSE,FALSE,00E5A000001F1A0UAK,FALSE,FALSE,FALSE,FALSE,FALSE,FALSE,FALSE,FALSE,FALSE,FALSE,FALSE,FALSE,FALSE,FALSE,FALSE,FALSE,FALSE,FALSE,FALSE,FALSE,FALSE,FALSE,FALSE,TRUE,FALSE,FALSE,FALSE,TRUE,FALSE,TRUE,FALSE,FALSE,8/16/2021,TRUE,FALSE,0055A00000Bcy8WQAR,Standard
0055A00000BclF5QAJ,TRUE,TRUE,TRUE,FALSE,FALSE,TRUE,FALSE,FALSE,FALSE,FALSE,FALSE,D,Other,United States,FALSE,0055A00000BclF5QAJ,3/3/2021,N,Other,FALSE,FALSE,FALSE,FALSE,FALSE,FALSE,FALSE,FALSE,FALSE,FALSE,TRUE,FALSE,FALSE,FALSE,FALSE,FALSE,TRUE,FALSE,FALSE,FALSE,TRUE,Asher Cox,FALSE,FALSE,FALSE,FALSE,FALSE,FALSE,FALSE,FALSE,FALSE,FALSE,FALSE,FALSE,FALSE,FALSE,TRUE,FALSE,TRUE,TRUE,FALSE,en_US,6/23/2021,8/16/2021 14:12,TRUE,en_US,FALSE,0055A00000Bct3HQAR,FALSE,FALSE,26060,FALSE,Ash,FALSE,FALSE,FALSE,FALSE,00e5A000001rJF9QAM,FALSE,FALSE,FALSE,FALSE,FALSE,FALSE,00E5A000001F19tUAC,FALSE,FALSE,FALSE,FALSE,FALSE,FALSE,FALSE,FALSE,FALSE,FALSE,FALSE,FALSE,FALSE,FALSE,FALSE,FALSE,FALSE,FALSE,FALSE,FALSE,FALSE,FALSE,FALSE,TRUE,FALSE,FALSE,FALSE,TRUE,FALSE,TRUE,FALSE,FALSE,8/16/2021,TRUE,FALSE,0055A00000Bcy8bQAB,Standard
0055A00000BclF5QAJ,TRUE,TRUE,TRUE,FALSE,FALSE,TRUE,FALSE,FALSE,FALSE,FALSE,FALSE,D,Other,United States,FALSE,0055A00000BclF5QAJ,3/8/2021,N,Other,FALSE,FALSE,FALSE,FALSE,FALSE,FALSE,FALSE,FALSE,FALSE,FALSE,TRUE,FALSE,FALSE,FALSE,FALSE,FALSE,TRUE,FALSE,FALSE,FALSE,TRUE,Ellie Diaz,FALSE,FALSE,FALSE,FALSE,FALSE,FALSE,FALSE,FALSE,FALSE,FALSE,FALSE,FALSE,FALSE,FALSE,TRUE,FALSE,TRUE,TRUE,FALSE,en_US,6/29/2021,8/16/2021 14:12,TRUE,en_US,FALSE,0055A00000BcmLYQAZ,FALSE,FALSE,26080,FALSE,El,FALSE,FALSE,FALSE,FALSE,00e5A000001rJEkQAM,FALSE,FALSE,FALSE,FALSE,FALSE,FALSE,00E5A000001F1A1UAK,FALSE,FALSE,FALSE,FALSE,FALSE,FALSE,FALSE,FALSE,FALSE,FALSE,FALSE,FALSE,FALSE,FALSE,FALSE,FALSE,FALSE,FALSE,FALSE,FALSE,FALSE,FALSE,FALSE,TRUE,FALSE,FALSE,FALSE,TRUE,FALSE,TRUE,FALSE,FALSE,8/16/2021,TRUE,FALSE,0055A00000Bd0KeQAJ,Standard
0055A00000BclF5QAJ,TRUE,TRUE,TRUE,FALSE,FALSE,TRUE,FALSE,FALSE,FALSE,FALSE,FALSE,D,Other,United States,FALSE,0055A00000BclF5QAJ,3/9/2021,N,Other,FALSE,FALSE,FALSE,FALSE,FALSE,FALSE,FALSE,FALSE,FALSE,FALSE,TRUE,FALSE,FALSE,FALSE,FALSE,FALSE,TRUE,FALSE,FALSE,FALSE,TRUE,Nathan Howard,FALSE,FALSE,FALSE,FALSE,FALSE,FALSE,FALSE,FALSE,FALSE,FALSE,FALSE,FALSE,FALSE,FALSE,TRUE,FALSE,TRUE,TRUE,FALSE,en_US,6/24/2021,8/16/2021 14:12,TRUE,en_US,FALSE,Other,FALSE,FALSE,1413,FALSE,Nate,FALSE,FALSE,FALSE,FALSE,00e5A000001rJF9QAM,FALSE,FALSE,FALSE,FALSE,FALSE,FALSE,00E5A000001F19fUAC,FALSE,FALSE,FALSE,FALSE,FALSE,FALSE,FALSE,FALSE,FALSE,FALSE,FALSE,FALSE,FALSE,FALSE,FALSE,FALSE,FALSE,FALSE,FALSE,FALSE,FALSE,FALSE,FALSE,TRUE,FALSE,FALSE,FALSE,TRUE,FALSE,TRUE,FALSE,FALSE,8/16/2021,TRUE,FALSE,0055A00000Bd10BQAR,Standard
0055A00000BclF5QAJ,TRUE,TRUE,TRUE,FALSE,FALSE,TRUE,FALSE,FALSE,FALSE,FALSE,FALSE,D,Other,Other,FALSE,0055A00000BclF5QAJ,3/22/2021,N,Other,FALSE,FALSE,FALSE,FALSE,FALSE,FALSE,FALSE,FALSE,FALSE,FALSE,TRUE,FALSE,FALSE,FALSE,FALSE,FALSE,TRUE,FALSE,FALSE,FALSE,TRUE,Zoe Brooks,FALSE,FALSE,FALSE,FALSE,FALSE,FALSE,FALSE,FALSE,FALSE,FALSE,FALSE,FALSE,FALSE,FALSE,TRUE,FALSE,TRUE,TRUE,FALSE,en_US,6/24/2021,4/5/2021 18:39,TRUE,zh_CN,FALSE,0055A00000BcmLYQAZ,FALSE,FALSE,0,FALSE,Zo,FALSE,FALSE,FALSE,FALSE,00e5A000001rJEkQAM,FALSE,FALSE,FALSE,FALSE,FALSE,FALSE,00E5A000001F19uUAC,FALSE,FALSE,FALSE,FALSE,FALSE,FALSE,FALSE,FALSE,FALSE,FALSE,FALSE,FALSE,FALSE,FALSE,FALSE,FALSE,FALSE,FALSE,FALSE,FALSE,FALSE,FALSE,FALSE,TRUE,FALSE,FALSE,FALSE,TRUE,FALSE,TRUE,FALSE,FALSE,6/29/2021,TRUE,FALSE,0055A00000Bd3dKQAR,Standard
0055A00000BclF5QAJ,TRUE,TRUE,TRUE,FALSE,FALSE,TRUE,FALSE,FALSE,FALSE,FALSE,FALSE,D,Other,United States,FALSE,0055A00000BclF5QAJ,3/22/2021,N,Other,FALSE,FALSE,FALSE,FALSE,FALSE,FALSE,FALSE,FALSE,FALSE,FALSE,TRUE,FALSE,FALSE,FALSE,FALSE,FALSE,TRUE,FALSE,FALSE,FALSE,TRUE,Gabriel Kelly,FALSE,FALSE,FALSE,FALSE,FALSE,FALSE,FALSE,FALSE,FALSE,FALSE,FALSE,FALSE,FALSE,FALSE,TRUE,FALSE,TRUE,TRUE,FALSE,en_US,6/22/2021,8/16/2021 14:12,TRUE,en_US,FALSE,00531000007Es7rAAC,FALSE,FALSE,26100,FALSE,Gabe,FALSE,FALSE,FALSE,FALSE,00e5A000001rJEpQAM,FALSE,FALSE,FALSE,FALSE,FALSE,FALSE,00E5A000001F19lUAC,FALSE,FALSE,FALSE,FALSE,FALSE,FALSE,FALSE,FALSE,FALSE,FALSE,FALSE,FALSE,FALSE,FALSE,FALSE,FALSE,FALSE,FALSE,FALSE,FALSE,FALSE,FALSE,FALSE,TRUE,FALSE,FALSE,FALSE,TRUE,FALSE,TRUE,FALSE,FALSE,8/16/2021,TRUE,FALSE,0055A00000Bd3dUQAR,Standard
0055A00000BclF5QAJ,TRUE,TRUE,TRUE,FALSE,FALSE,TRUE,FALSE,FALSE,FALSE,FALSE,FALSE,D,Other,Other,FALSE,0055A00000BclF5QAJ,4/1/2021,N,Other,FALSE,FALSE,FALSE,FALSE,FALSE,FALSE,FALSE,FALSE,FALSE,FALSE,TRUE,FALSE,FALSE,FALSE,FALSE,FALSE,TRUE,FALSE,FALSE,FALSE,TRUE,Lucy Ward,FALSE,FALSE,FALSE,TRUE,FALSE,FALSE,FALSE,FALSE,FALSE,FALSE,FALSE,FALSE,FALSE,FALSE,TRUE,FALSE,TRUE,TRUE,FALSE,en_US,6/29/2021,8/16/2021 14:12,TRUE,de_DE,FALSE,0055A00000BcmLYQAZ,FALSE,FALSE,26220,FALSE,Lu,FALSE,FALSE,FALSE,FALSE,00e5A000001rJEkQAM,FALSE,FALSE,FALSE,FALSE,FALSE,FALSE,00E5A000001F19yUAC,FALSE,FALSE,FALSE,FALSE,FALSE,FALSE,FALSE,FALSE,FALSE,FALSE,FALSE,FALSE,FALSE,FALSE,FALSE,FALSE,FALSE,FALSE,FALSE,FALSE,FALSE,FALSE,FALSE,TRUE,FALSE,FALSE,FALSE,TRUE,FALSE,TRUE,FALSE,FALSE,12/17/2021,TRUE,FALSE,0055A00000Bd4j9QAB,Standard
0055A00000BclF5QAJ,TRUE,TRUE,TRUE,FALSE,FALSE,TRUE,FALSE,FALSE,FALSE,FALSE,FALSE,D,Copenhagen,Denmark,FALSE,0055A00000BclF5QAJ,4/1/2021,N,Other,FALSE,FALSE,FALSE,FALSE,FALSE,FALSE,FALSE,FALSE,FALSE,FALSE,TRUE,FALSE,FALSE,FALSE,FALSE,FALSE,TRUE,TRUE,FALSE,FALSE,TRUE,Christian Hughes,FALSE,FALSE,FALSE,FALSE,FALSE,FALSE,FALSE,FALSE,FALSE,FALSE,FALSE,FALSE,FALSE,FALSE,TRUE,FALSE,TRUE,TRUE,FALSE,en_US,6/29/2021,8/16/2021 14:12,TRUE,de_DE,FALSE,0055A000008iLmcQAE,FALSE,FALSE,26233,FALSE,Chris,FALSE,FALSE,FALSE,FALSE,00e5A000001rJEkQAM,FALSE,FALSE,FALSE,FALSE,FALSE,FALSE,00E5A000001F19uUAC,FALSE,FALSE,FALSE,FALSE,FALSE,FALSE,FALSE,FALSE,FALSE,FALSE,FALSE,FALSE,FALSE,FALSE,FALSE,FALSE,FALSE,FALSE,FALSE,FALSE,FALSE,FALSE,FALSE,TRUE,FALSE,FALSE,FALSE,TRUE,FALSE,TRUE,FALSE,FALSE,8/16/2021,TRUE,FALSE,0055A00000Bd4jEQAR,Standard
0055A00000BclF5QAJ,TRUE,TRUE,TRUE,FALSE,FALSE,TRUE,FALSE,FALSE,FALSE,FALSE,FALSE,D,Other,United States,FALSE,0055A00000BclF5QAJ,4/5/2021,N,Other,FALSE,FALSE,FALSE,FALSE,FALSE,FALSE,FALSE,FALSE,FALSE,FALSE,TRUE,FALSE,FALSE,FALSE,FALSE,FALSE,TRUE,FALSE,FALSE,FALSE,TRUE,Anna Watson,FALSE,FALSE,FALSE,FALSE,FALSE,FALSE,FALSE,FALSE,FALSE,FALSE,FALSE,FALSE,FALSE,FALSE,TRUE,FALSE,TRUE,TRUE,TRUE,en_US,6/28/2021,8/16/2021 14:12,TRUE,en_US,FALSE,0055A00000Bd10BQAR,FALSE,FALSE,3,FALSE,Annie,FALSE,FALSE,FALSE,FALSE,00e5A000001rJF9QAM,FALSE,FALSE,FALSE,FALSE,FALSE,FALSE,00E5A000001F19tUAC,FALSE,FALSE,FALSE,FALSE,FALSE,FALSE,FALSE,FALSE,FALSE,FALSE,FALSE,FALSE,FALSE,FALSE,FALSE,FALSE,FALSE,FALSE,FALSE,FALSE,FALSE,FALSE,FALSE,TRUE,FALSE,FALSE,FALSE,TRUE,FALSE,TRUE,FALSE,FALSE,8/16/2021,TRUE,FALSE,0055A00000Bd5BcQAJ,Standard
0055A00000BclF5QAJ,TRUE,TRUE,TRUE,FALSE,FALSE,TRUE,FALSE,FALSE,FALSE,FALSE,FALSE,D,Other,Other,FALSE,0055A00000BclF5QAJ,4/6/2021,N,Other,FALSE,FALSE,FALSE,FALSE,FALSE,FALSE,FALSE,FALSE,FALSE,FALSE,TRUE,FALSE,FALSE,FALSE,FALSE,FALSE,TRUE,TRUE,FALSE,FALSE,TRUE,Hunter Wood,FALSE,FALSE,FALSE,FALSE,FALSE,FALSE,FALSE,FALSE,FALSE,FALSE,FALSE,FALSE,FALSE,FALSE,TRUE,FALSE,TRUE,TRUE,FALSE,en_US,6/29/2021,8/16/2021 14:12,TRUE,en_GB,FALSE,0055A00000BcmLYQAZ,FALSE,FALSE,26368,FALSE,Hunt,FALSE,TRUE,FALSE,FALSE,00e5A000001rJEkQAM,FALSE,FALSE,FALSE,FALSE,FALSE,FALSE,00E5A000001F19yUAC,FALSE,FALSE,FALSE,FALSE,FALSE,FALSE,FALSE,FALSE,FALSE,FALSE,FALSE,FALSE,FALSE,FALSE,FALSE,FALSE,FALSE,FALSE,FALSE,FALSE,FALSE,FALSE,FALSE,TRUE,FALSE,FALSE,FALSE,TRUE,FALSE,TRUE,FALSE,FALSE,8/16/2021,TRUE,FALSE,0055A00000Bd5F0QAJ,Standard
0055A00000BclF5QAJ,TRUE,TRUE,TRUE,FALSE,FALSE,TRUE,FALSE,FALSE,FALSE,FALSE,FALSE,D,Other,United States,FALSE,0055A00000BclF5QAJ,4/14/2021,N,Other,FALSE,FALSE,FALSE,FALSE,FALSE,FALSE,FALSE,FALSE,FALSE,FALSE,TRUE,FALSE,FALSE,FALSE,FALSE,FALSE,TRUE,FALSE,FALSE,FALSE,TRUE,Sadie Sanchez,FALSE,FALSE,FALSE,FALSE,FALSE,FALSE,FALSE,FALSE,FALSE,FALSE,FALSE,FALSE,FALSE,FALSE,TRUE,FALSE,TRUE,TRUE,FALSE,en_US,6/29/2021,8/16/2021 14:12,TRUE,en_US,FALSE,005i0000000fpvQAAQ,TRUE,FALSE,1456,FALSE,Sade,FALSE,FALSE,FALSE,FALSE,00e5A000001rJB7QAM,FALSE,FALSE,FALSE,FALSE,FALSE,FALSE,00E5A000001F1A3UAK,FALSE,FALSE,FALSE,FALSE,FALSE,FALSE,FALSE,FALSE,FALSE,FALSE,FALSE,FALSE,FALSE,FALSE,FALSE,FALSE,FALSE,FALSE,FALSE,FALSE,FALSE,FALSE,FALSE,TRUE,FALSE,FALSE,FALSE,TRUE,FALSE,TRUE,FALSE,FALSE,8/16/2021,TRUE,FALSE,0055A00000Bd5jAQAR,Standard
0055A00000BclF5QAJ,TRUE,TRUE,TRUE,FALSE,FALSE,TRUE,FALSE,FALSE,FALSE,FALSE,FALSE,D,Other,Other,FALSE,0055A00000BclF5QAJ,4/14/2021,N,Other,FALSE,FALSE,FALSE,FALSE,FALSE,FALSE,FALSE,FALSE,FALSE,FALSE,TRUE,FALSE,FALSE,FALSE,FALSE,FALSE,TRUE,FALSE,FALSE,FALSE,TRUE,Adrian Price,FALSE,FALSE,FALSE,FALSE,FALSE,FALSE,FALSE,FALSE,FALSE,FALSE,FALSE,FALSE,FALSE,FALSE,TRUE,FALSE,TRUE,TRUE,FALSE,en_US,5/5/2021,8/16/2021 14:12,TRUE,en_US,FALSE,0055A00000BnyYCQAZ,FALSE,FALSE,26241,FALSE,Ade,FALSE,FALSE,FALSE,FALSE,00e5A000001rJB7QAM,FALSE,FALSE,FALSE,FALSE,FALSE,FALSE,00E5A000001F1A4UAK,FALSE,FALSE,FALSE,FALSE,FALSE,FALSE,FALSE,FALSE,FALSE,FALSE,FALSE,FALSE,FALSE,FALSE,FALSE,FALSE,FALSE,FALSE,FALSE,FALSE,FALSE,FALSE,FALSE,TRUE,FALSE,FALSE,FALSE,TRUE,FALSE,TRUE,FALSE,FALSE,8/16/2021,TRUE,FALSE,0055A00000Bd5jFQAR,Standard
0055A00000BclF5QAJ,FALSE,TRUE,TRUE,FALSE,FALSE,TRUE,FALSE,FALSE,FALSE,FALSE,FALSE,D,Other,Other,FALSE,005i0000000fpvQAAQ,7/10/2020,N,Other,FALSE,FALSE,FALSE,FALSE,FALSE,FALSE,FALSE,FALSE,FALSE,FALSE,TRUE,FALSE,FALSE,FALSE,FALSE,FALSE,TRUE,FALSE,FALSE,FALSE,FALSE,Bella Jenkins,FALSE,FALSE,FALSE,FALSE,FALSE,FALSE,FALSE,FALSE,FALSE,FALSE,FALSE,FALSE,FALSE,FALSE,TRUE,FALSE,FALSE,TRUE,FALSE,en_US,2/22/2021,4/14/2021 14:19,TRUE,en_US,FALSE,Other,TRUE,FALSE,0,FALSE,Bells,FALSE,TRUE,FALSE,FALSE,00e5A000001rJB7QAM,FALSE,FALSE,FALSE,FALSE,FALSE,FALSE,Other,FALSE,FALSE,FALSE,FALSE,FALSE,FALSE,FALSE,FALSE,FALSE,FALSE,FALSE,FALSE,FALSE,FALSE,FALSE,FALSE,FALSE,FALSE,FALSE,FALSE,FALSE,FALSE,FALSE,TRUE,FALSE,FALSE,FALSE,TRUE,FALSE,TRUE,FALSE,FALSE,6/29/2021,TRUE,FALSE,0055A00000BnR0kQAF,Standard
0055A00000BclF5QAJ,TRUE,TRUE,TRUE,FALSE,FALSE,TRUE,FALSE,FALSE,FALSE,FALSE,FALSE,D,Other,United States,FALSE,005i0000000fpvQAAQ,7/10/2020,N,Other,FALSE,FALSE,FALSE,FALSE,FALSE,FALSE,FALSE,FALSE,FALSE,FALSE,TRUE,FALSE,FALSE,FALSE,FALSE,FALSE,TRUE,FALSE,FALSE,FALSE,TRUE,Jonathan Patterson,FALSE,FALSE,FALSE,FALSE,FALSE,FALSE,FALSE,FALSE,FALSE,FALSE,FALSE,FALSE,FALSE,FALSE,TRUE,FALSE,FALSE,TRUE,FALSE,en_US,6/28/2021,8/16/2021 14:12,TRUE,en_US,FALSE,005i0000000fNkyAAE,FALSE,FALSE,25594,FALSE,Jon,FALSE,FALSE,FALSE,FALSE,00e5A000001rJEpQAM,FALSE,FALSE,FALSE,FALSE,FALSE,FALSE,00E5A000001F19iUAC,FALSE,FALSE,FALSE,FALSE,FALSE,FALSE,FALSE,FALSE,FALSE,FALSE,FALSE,FALSE,FALSE,FALSE,FALSE,FALSE,FALSE,FALSE,FALSE,FALSE,FALSE,FALSE,FALSE,TRUE,FALSE,FALSE,FALSE,TRUE,FALSE,TRUE,FALSE,FALSE,8/16/2021,TRUE,FALSE,0055A00000BnRGTQA3,Standard
0055A00000BclF5QAJ,TRUE,TRUE,TRUE,FALSE,FALSE,TRUE,FALSE,FALSE,FALSE,FALSE,FALSE,D,Other,United States,FALSE,005i0000000fpvQAAQ,9/1/2020,N,Other,FALSE,FALSE,FALSE,FALSE,FALSE,FALSE,FALSE,FALSE,FALSE,FALSE,TRUE,FALSE,FALSE,FALSE,FALSE,FALSE,TRUE,FALSE,FALSE,FALSE,TRUE,Mila Long,FALSE,FALSE,FALSE,TRUE,FALSE,FALSE,FALSE,FALSE,FALSE,FALSE,FALSE,FALSE,FALSE,FALSE,TRUE,FALSE,TRUE,TRUE,FALSE,en_US,6/25/2021,8/16/2021 14:12,TRUE,en_US,FALSE,0055A00000BnyYCQAZ,FALSE,FALSE,25682,FALSE,Mi,FALSE,FALSE,FALSE,FALSE,00e5A000001rJB7QAM,FALSE,FALSE,FALSE,FALSE,FALSE,FALSE,00E5A000001F19wUAC,FALSE,FALSE,FALSE,FALSE,FALSE,FALSE,FALSE,FALSE,FALSE,FALSE,FALSE,FALSE,FALSE,FALSE,FALSE,FALSE,FALSE,FALSE,FALSE,FALSE,FALSE,FALSE,FALSE,TRUE,FALSE,FALSE,FALSE,TRUE,FALSE,TRUE,FALSE,FALSE,8/16/2021,TRUE,FALSE,0055A00000Bnt5cQAB,Standard
0055A00000BclF5QAJ,TRUE,TRUE,TRUE,FALSE,FALSE,TRUE,FALSE,FALSE,FALSE,FALSE,FALSE,D,Other,United States,FALSE,005i0000000fpvQAAQ,9/1/2020,N,Other,FALSE,FALSE,FALSE,FALSE,FALSE,FALSE,FALSE,FALSE,FALSE,FALSE,TRUE,FALSE,FALSE,FALSE,FALSE,FALSE,TRUE,FALSE,FALSE,FALSE,TRUE,Charles Hughes,FALSE,FALSE,FALSE,FALSE,FALSE,FALSE,FALSE,FALSE,FALSE,FALSE,FALSE,FALSE,FALSE,FALSE,TRUE,FALSE,TRUE,TRUE,FALSE,en_US,12/15/2021,12/1/2021 16:08,TRUE,en_US,FALSE,0055A00000BcmLYQAZ,FALSE,FALSE,25678,FALSE,Charlie,FALSE,TRUE,FALSE,FALSE,00e5A000001rJEkQAM,FALSE,FALSE,FALSE,FALSE,FALSE,FALSE,00E5A000001F1A1UAK,FALSE,FALSE,FALSE,FALSE,FALSE,FALSE,FALSE,FALSE,FALSE,FALSE,FALSE,FALSE,FALSE,FALSE,FALSE,FALSE,FALSE,FALSE,FALSE,FALSE,FALSE,FALSE,FALSE,TRUE,FALSE,FALSE,FALSE,TRUE,FALSE,TRUE,FALSE,FALSE,12/22/2021,TRUE,FALSE,0055A00000Bnt5hQAB,Standard
0055A00000BclF5QAJ,TRUE,TRUE,TRUE,FALSE,FALSE,TRUE,FALSE,FALSE,FALSE,FALSE,FALSE,D,Other,United States,FALSE,005i0000000fpvQAAQ,9/30/2020,N,Other,FALSE,FALSE,FALSE,FALSE,FALSE,FALSE,FALSE,FALSE,FALSE,FALSE,TRUE,FALSE,FALSE,FALSE,FALSE,FALSE,TRUE,FALSE,FALSE,FALSE,TRUE,Autumn Ramirez,FALSE,FALSE,FALSE,FALSE,FALSE,FALSE,FALSE,FALSE,FALSE,FALSE,FALSE,FALSE,FALSE,FALSE,TRUE,FALSE,TRUE,TRUE,FALSE,en_US,6/16/2021,8/16/2021 14:12,TRUE,en_US,FALSE,Other,FALSE,FALSE,25727,FALSE,Autie,FALSE,FALSE,FALSE,FALSE,00e5A000001rJB7QAM,FALSE,FALSE,FALSE,FALSE,FALSE,FALSE,00E5A000001F1A4UAK,FALSE,FALSE,FALSE,FALSE,FALSE,FALSE,FALSE,FALSE,FALSE,FALSE,FALSE,FALSE,FALSE,FALSE,FALSE,FALSE,FALSE,FALSE,FALSE,FALSE,FALSE,FALSE,FALSE,TRUE,FALSE,FALSE,FALSE,TRUE,FALSE,TRUE,FALSE,FALSE,8/16/2021,TRUE,FALSE,0055A00000BnyYCQAZ,Standard
0055A00000BclF5QAJ,FALSE,TRUE,TRUE,FALSE,FALSE,TRUE,FALSE,FALSE,FALSE,FALSE,FALSE,D,Other,United States,FALSE,005i0000000fpvQAAQ,11/20/2020,N,Other,FALSE,FALSE,FALSE,FALSE,FALSE,FALSE,FALSE,FALSE,FALSE,FALSE,TRUE,FALSE,FALSE,FALSE,FALSE,FALSE,TRUE,FALSE,FALSE,FALSE,TRUE,Leo Butler,FALSE,FALSE,FALSE,FALSE,FALSE,FALSE,FALSE,FALSE,FALSE,FALSE,FALSE,FALSE,FALSE,FALSE,TRUE,FALSE,TRUE,TRUE,FALSE,en_US,6/9/2021,10/12/2021 14:36,TRUE,en_US,FALSE,Other,FALSE,FALSE,7881,FALSE,Lee,FALSE,FALSE,FALSE,FALSE,00e5A000001rJF9QAM,FALSE,FALSE,FALSE,FALSE,FALSE,FALSE,00E5A000001F19tUAC,FALSE,FALSE,FALSE,FALSE,FALSE,FALSE,FALSE,FALSE,FALSE,FALSE,FALSE,FALSE,FALSE,FALSE,FALSE,FALSE,FALSE,FALSE,FALSE,FALSE,FALSE,FALSE,FALSE,TRUE,FALSE,FALSE,FALSE,TRUE,FALSE,TRUE,FALSE,FALSE,10/12/2021,TRUE,FALSE,0055A00000Bo75SQAR,Standard
0055A00000BclF5QAJ,TRUE,TRUE,TRUE,FALSE,FALSE,TRUE,FALSE,FALSE,FALSE,FALSE,FALSE,D,Other,United States,FALSE,0055A00000BclF5QAJ,5/3/2021,N,Other,FALSE,FALSE,FALSE,FALSE,FALSE,FALSE,FALSE,FALSE,FALSE,FALSE,TRUE,FALSE,FALSE,FALSE,FALSE,FALSE,TRUE,FALSE,FALSE,FALSE,TRUE,Claire Simmons,FALSE,FALSE,FALSE,FALSE,FALSE,FALSE,FALSE,FALSE,FALSE,FALSE,FALSE,FALSE,FALSE,FALSE,TRUE,FALSE,TRUE,TRUE,FALSE,en_US,5/27/2021,8/16/2021 14:12,TRUE,en_US,FALSE,0055A00000BnyYCQAZ,FALSE,FALSE,26938,FALSE,Clare,FALSE,FALSE,FALSE,FALSE,00e5A000001rJB7QAM,FALSE,FALSE,FALSE,FALSE,FALSE,FALSE,00E5A000001F1A4UAK,FALSE,FALSE,FALSE,FALSE,FALSE,FALSE,FALSE,FALSE,FALSE,FALSE,FALSE,FALSE,FALSE,FALSE,FALSE,FALSE,FALSE,FALSE,FALSE,FALSE,FALSE,FALSE,FALSE,TRUE,FALSE,FALSE,FALSE,TRUE,FALSE,TRUE,FALSE,FALSE,8/16/2021,TRUE,FALSE,0056e00000Bd8OUAAZ,Standard
0055A00000BclF5QAJ,TRUE,TRUE,TRUE,FALSE,FALSE,TRUE,FALSE,FALSE,FALSE,FALSE,FALSE,D,Other,Other,FALSE,0055A00000BclF5QAJ,5/3/2021,N,Field Application Scientists,FALSE,FALSE,FALSE,FALSE,FALSE,FALSE,FALSE,FALSE,FALSE,FALSE,TRUE,FALSE,FALSE,FALSE,FALSE,FALSE,TRUE,FALSE,FALSE,FALSE,TRUE,Max Foster,FALSE,FALSE,FALSE,FALSE,FALSE,FALSE,FALSE,FALSE,FALSE,FALSE,FALSE,FALSE,FALSE,FALSE,TRUE,FALSE,TRUE,TRUE,TRUE,en_US,6/29/2021,8/16/2021 14:12,TRUE,en_US,FALSE,0055A000008iLmcQAE,FALSE,FALSE,26907,FALSE,Maxie,FALSE,FALSE,FALSE,FALSE,00e5A000001rJEkQAM,FALSE,FALSE,FALSE,FALSE,FALSE,FALSE,00E5A000001F19uUAC,FALSE,FALSE,FALSE,FALSE,FALSE,FALSE,FALSE,FALSE,FALSE,FALSE,FALSE,FALSE,FALSE,FALSE,FALSE,FALSE,FALSE,FALSE,FALSE,FALSE,FALSE,FALSE,FALSE,TRUE,FALSE,FALSE,FALSE,TRUE,FALSE,TRUE,FALSE,FALSE,8/16/2021,TRUE,FALSE,0056e00000Bd8OeAAJ,Standard
0055A00000BclF5QAJ,TRUE,TRUE,TRUE,FALSE,FALSE,TRUE,FALSE,FALSE,FALSE,FALSE,FALSE,D,Other,United States,FALSE,0055A00000BclF5QAJ,5/3/2021,N,Other,FALSE,FALSE,FALSE,FALSE,FALSE,FALSE,FALSE,FALSE,FALSE,FALSE,TRUE,FALSE,FALSE,FALSE,FALSE,FALSE,TRUE,FALSE,FALSE,FALSE,TRUE,Arlo Bennett,FALSE,FALSE,FALSE,FALSE,FALSE,FALSE,FALSE,FALSE,FALSE,FALSE,FALSE,FALSE,FALSE,FALSE,TRUE,FALSE,TRUE,TRUE,TRUE,en_US,6/29/2021,8/16/2021 14:12,TRUE,en_US,FALSE,0055A000008iLmcQAE,FALSE,FALSE,26905,FALSE,Arly,FALSE,FALSE,FALSE,FALSE,00e5A000001rJEkQAM,FALSE,FALSE,FALSE,FALSE,FALSE,FALSE,00E5A000001F19uUAC,FALSE,FALSE,FALSE,FALSE,FALSE,FALSE,FALSE,FALSE,FALSE,FALSE,FALSE,FALSE,FALSE,FALSE,FALSE,FALSE,FALSE,FALSE,FALSE,FALSE,FALSE,FALSE,FALSE,TRUE,FALSE,FALSE,FALSE,TRUE,FALSE,TRUE,FALSE,FALSE,8/16/2021,TRUE,FALSE,0056e00000Bd8OtAAJ,Standard
0056e00000BdAUZAA3,TRUE,TRUE,TRUE,FALSE,FALSE,TRUE,FALSE,FALSE,FALSE,FALSE,FALSE,D,Beijing,China,FALSE,0055A00000BclF5QAJ,5/17/2021,N,Other,FALSE,FALSE,FALSE,FALSE,FALSE,FALSE,FALSE,FALSE,FALSE,FALSE,TRUE,FALSE,FALSE,FALSE,FALSE,FALSE,TRUE,FALSE,FALSE,FALSE,TRUE,Ruby Griffin,FALSE,FALSE,FALSE,FALSE,FALSE,FALSE,FALSE,FALSE,FALSE,FALSE,FALSE,FALSE,FALSE,FALSE,TRUE,FALSE,TRUE,TRUE,FALSE,en_US,6/29/2021,6/16/2021 4:15,TRUE,en_US,FALSE,0055A00000BcmLYQAZ,FALSE,FALSE,0,FALSE,Rue,FALSE,FALSE,FALSE,FALSE,00e5A000001rJEkQAM,FALSE,FALSE,FALSE,FALSE,FALSE,FALSE,00E5A000001F19xUAC,FALSE,FALSE,FALSE,FALSE,FALSE,FALSE,FALSE,FALSE,FALSE,FALSE,FALSE,FALSE,FALSE,FALSE,FALSE,FALSE,FALSE,FALSE,FALSE,FALSE,FALSE,FALSE,FALSE,TRUE,FALSE,FALSE,FALSE,TRUE,FALSE,TRUE,FALSE,FALSE,7/5/2021,TRUE,FALSE,0056e00000BdAUZAA3,Standard
0055A00000BclF5QAJ,TRUE,TRUE,TRUE,FALSE,FALSE,TRUE,FALSE,FALSE,FALSE,FALSE,FALSE,D,Other,Other,FALSE,0055A00000BclF5QAJ,6/1/2021,N,Field Application Scientists,FALSE,FALSE,FALSE,FALSE,FALSE,FALSE,FALSE,FALSE,FALSE,FALSE,TRUE,FALSE,FALSE,FALSE,FALSE,FALSE,TRUE,FALSE,FALSE,FALSE,TRUE,Elijah Powell,FALSE,FALSE,FALSE,FALSE,FALSE,FALSE,FALSE,FALSE,FALSE,FALSE,FALSE,FALSE,FALSE,FALSE,TRUE,FALSE,TRUE,TRUE,TRUE,en_US,6/29/2021,8/16/2021 14:12,TRUE,en_US,FALSE,0055A000008iLmcQAE,FALSE,FALSE,26952,FALSE,E,FALSE,FALSE,FALSE,FALSE,00e5A000001rJEkQAM,FALSE,FALSE,FALSE,FALSE,FALSE,FALSE,00E5A000001F19uUAC,FALSE,FALSE,FALSE,FALSE,FALSE,FALSE,FALSE,FALSE,FALSE,FALSE,FALSE,FALSE,FALSE,FALSE,FALSE,FALSE,FALSE,FALSE,FALSE,FALSE,FALSE,FALSE,FALSE,TRUE,FALSE,FALSE,FALSE,TRUE,FALSE,TRUE,FALSE,FALSE,8/16/2021,TRUE,FALSE,0056e00000BdE5OAAV,Standard
0055A00000BclF5QAJ,TRUE,TRUE,TRUE,FALSE,FALSE,TRUE,FALSE,FALSE,FALSE,FALSE,FALSE,D,Other,Other,FALSE,0055A00000BclF5QAJ,6/1/2021,N,Other,FALSE,FALSE,FALSE,FALSE,FALSE,FALSE,FALSE,FALSE,FALSE,FALSE,TRUE,FALSE,FALSE,FALSE,FALSE,FALSE,TRUE,FALSE,FALSE,FALSE,FALSE,Sophie Hayes,FALSE,FALSE,FALSE,FALSE,FALSE,FALSE,FALSE,FALSE,FALSE,FALSE,FALSE,FALSE,FALSE,FALSE,TRUE,FALSE,TRUE,TRUE,FALSE,en_US,6/8/2021,6/1/2021 15:40,TRUE,en_US,FALSE,005i0000000fpvQAAQ,FALSE,FALSE,0,FALSE,Soph,FALSE,FALSE,FALSE,FALSE,00e5A000001ZwKkQAK,FALSE,FALSE,FALSE,FALSE,FALSE,FALSE,00E5A000001F1A3UAK,FALSE,FALSE,FALSE,FALSE,FALSE,FALSE,FALSE,FALSE,FALSE,FALSE,FALSE,FALSE,FALSE,FALSE,FALSE,FALSE,FALSE,FALSE,FALSE,FALSE,FALSE,FALSE,FALSE,TRUE,FALSE,FALSE,FALSE,TRUE,FALSE,TRUE,FALSE,FALSE,6/29/2021,TRUE,FALSE,0056e00000BdE5dAAF,Standard
0056e00000BdFO7AAN,TRUE,TRUE,TRUE,FALSE,FALSE,TRUE,FALSE,FALSE,FALSE,FALSE,FALSE,D,Other,UNITED STATES,FALSE,0055A00000BclF5QAJ,6/7/2021,N,Other,FALSE,FALSE,FALSE,FALSE,FALSE,FALSE,FALSE,FALSE,FALSE,FALSE,TRUE,FALSE,FALSE,FALSE,FALSE,FALSE,TRUE,FALSE,FALSE,FALSE,TRUE,Aaron Simmons,FALSE,FALSE,FALSE,FALSE,FALSE,FALSE,FALSE,FALSE,FALSE,FALSE,FALSE,FALSE,FALSE,FALSE,TRUE,FALSE,TRUE,TRUE,FALSE,en_US,6/29/2021,6/24/2021 14:32,TRUE,en_US,FALSE,0055A00000BcmLYQAZ,FALSE,FALSE,0,FALSE,Ron,FALSE,FALSE,FALSE,FALSE,00e5A000001rJEkQAM,FALSE,FALSE,FALSE,FALSE,FALSE,FALSE,00E5A000001F1A1UAK,FALSE,FALSE,FALSE,FALSE,FALSE,FALSE,FALSE,FALSE,FALSE,FALSE,FALSE,FALSE,FALSE,FALSE,FALSE,FALSE,FALSE,FALSE,FALSE,FALSE,FALSE,FALSE,FALSE,TRUE,FALSE,FALSE,FALSE,TRUE,FALSE,TRUE,FALSE,FALSE,7/5/2021,TRUE,FALSE,0056e00000BdFO7AAN,Standard
0055A00000BclF5QAJ,TRUE,TRUE,TRUE,FALSE,FALSE,TRUE,FALSE,FALSE,FALSE,FALSE,FALSE,D,Other,Other,FALSE,0055A00000BclF5QAJ,6/21/2021,N,Other,FALSE,FALSE,FALSE,FALSE,FALSE,FALSE,FALSE,FALSE,FALSE,FALSE,TRUE,FALSE,FALSE,FALSE,FALSE,FALSE,TRUE,FALSE,FALSE,FALSE,TRUE,Paisley Foster,FALSE,FALSE,FALSE,FALSE,FALSE,FALSE,FALSE,FALSE,FALSE,FALSE,FALSE,FALSE,FALSE,FALSE,TRUE,FALSE,TRUE,TRUE,FALSE,en_US,,8/16/2021 14:12,TRUE,en_US,FALSE,0055A00000BnyYCQAZ,FALSE,FALSE,26950,FALSE,P,FALSE,FALSE,FALSE,FALSE,00e5A000001rJB7QAM,FALSE,FALSE,FALSE,FALSE,FALSE,FALSE,00E5A000001F1A4UAK,FALSE,FALSE,FALSE,FALSE,FALSE,FALSE,FALSE,FALSE,FALSE,FALSE,FALSE,FALSE,FALSE,FALSE,FALSE,FALSE,FALSE,FALSE,FALSE,FALSE,FALSE,FALSE,FALSE,TRUE,FALSE,FALSE,FALSE,TRUE,FALSE,TRUE,FALSE,FALSE,8/16/2021,TRUE,FALSE,0056e00000BdI5XAAV,Standard
0055A00000BclF5QAJ,TRUE,TRUE,TRUE,FALSE,FALSE,TRUE,FALSE,FALSE,FALSE,FALSE,FALSE,D,Other,UNITED STATES,FALSE,0055A00000BclF5QAJ,6/24/2021,N,Other,FALSE,FALSE,FALSE,FALSE,FALSE,FALSE,FALSE,FALSE,FALSE,FALSE,TRUE,FALSE,FALSE,FALSE,FALSE,FALSE,TRUE,FALSE,FALSE,FALSE,TRUE,Blake Murphy,FALSE,FALSE,FALSE,FALSE,FALSE,FALSE,FALSE,FALSE,FALSE,FALSE,FALSE,FALSE,FALSE,FALSE,TRUE,FALSE,TRUE,TRUE,FALSE,en_US,6/29/2021,8/16/2021 14:12,TRUE,en_US,FALSE,005i0000000fpvQAAQ,TRUE,FALSE,26987,FALSE,Blakie,FALSE,FALSE,FALSE,FALSE,00e5A000001rJB7QAM,FALSE,FALSE,FALSE,FALSE,FALSE,FALSE,00E5A000001F1A3UAK,FALSE,FALSE,FALSE,FALSE,FALSE,FALSE,FALSE,FALSE,FALSE,FALSE,FALSE,FALSE,FALSE,FALSE,FALSE,FALSE,FALSE,FALSE,FALSE,FALSE,FALSE,FALSE,FALSE,TRUE,FALSE,FALSE,FALSE,TRUE,FALSE,TRUE,FALSE,FALSE,8/16/2021,TRUE,FALSE,0056e00000BdIPIAA3,Standard
0056w000002M7MCAA0,TRUE,TRUE,TRUE,FALSE,FALSE,TRUE,FALSE,FALSE,FALSE,FALSE,FALSE,D,Other,INDIA,FALSE,0055A00000BclF5QAJ,8/4/2021,N,Other,FALSE,FALSE,FALSE,FALSE,FALSE,FALSE,FALSE,FALSE,FALSE,FALSE,TRUE,FALSE,FALSE,FALSE,FALSE,FALSE,TRUE,FALSE,FALSE,FALSE,TRUE,Nevaeh Bell,FALSE,FALSE,FALSE,FALSE,FALSE,FALSE,FALSE,FALSE,FALSE,FALSE,FALSE,FALSE,FALSE,FALSE,TRUE,FALSE,TRUE,TRUE,FALSE,en_US,9/11/2021,9/1/2021 4:32,TRUE,en_US,FALSE,0055A00000BclF5QAJ,FALSE,FALSE,37870,FALSE,Nevy,FALSE,FALSE,FALSE,FALSE,00ei0000000vIysAAE,FALSE,FALSE,FALSE,FALSE,FALSE,FALSE,00E5A000001F19fUAC,FALSE,FALSE,FALSE,FALSE,FALSE,FALSE,FALSE,FALSE,FALSE,FALSE,FALSE,FALSE,FALSE,FALSE,FALSE,FALSE,FALSE,FALSE,FALSE,FALSE,FALSE,FALSE,FALSE,TRUE,FALSE,FALSE,FALSE,TRUE,FALSE,TRUE,FALSE,FALSE,9/12/2021,TRUE,FALSE,0056w000002M7MCAA0,Standard
0055A00000BclF5QAJ,TRUE,TRUE,TRUE,FALSE,FALSE,TRUE,FALSE,FALSE,FALSE,FALSE,FALSE,D,Other,Other,FALSE,0055A00000BclF5QAJ,8/4/2021,N,Other,FALSE,FALSE,FALSE,FALSE,FALSE,FALSE,FALSE,FALSE,FALSE,FALSE,TRUE,FALSE,FALSE,FALSE,FALSE,FALSE,TRUE,FALSE,FALSE,FALSE,TRUE,Leo Morgan,FALSE,FALSE,FALSE,FALSE,FALSE,FALSE,FALSE,FALSE,FALSE,FALSE,FALSE,FALSE,FALSE,FALSE,TRUE,FALSE,TRUE,TRUE,FALSE,en_US,11/16/2021,11/16/2021 18:43,TRUE,en_US,FALSE,0055A00000BclF5QAJ,FALSE,FALSE,37869,FALSE,Leo,FALSE,FALSE,FALSE,FALSE,00ei0000000vIysAAE,FALSE,FALSE,FALSE,FALSE,FALSE,FALSE,00E5A000001F19fUAC,FALSE,FALSE,FALSE,FALSE,FALSE,FALSE,FALSE,FALSE,FALSE,FALSE,FALSE,FALSE,FALSE,FALSE,FALSE,FALSE,FALSE,FALSE,FALSE,FALSE,FALSE,FALSE,FALSE,TRUE,FALSE,FALSE,FALSE,TRUE,FALSE,TRUE,FALSE,FALSE,11/16/2021,TRUE,FALSE,0056w000002M7MHAA0,Standard
0055A00000BclF5QAJ,TRUE,TRUE,TRUE,FALSE,FALSE,TRUE,FALSE,FALSE,FALSE,FALSE,FALSE,D,Other,Other,FALSE,0055A00000BclF5QAJ,8/30/2021,N,Other,FALSE,FALSE,FALSE,FALSE,FALSE,FALSE,FALSE,FALSE,FALSE,FALSE,TRUE,FALSE,FALSE,FALSE,FALSE,FALSE,TRUE,FALSE,FALSE,FALSE,TRUE,Everly Reed,FALSE,FALSE,FALSE,FALSE,FALSE,FALSE,FALSE,FALSE,FALSE,FALSE,FALSE,FALSE,FALSE,FALSE,TRUE,FALSE,TRUE,TRUE,FALSE,en_US,12/28/2021,9/9/2021 15:15,TRUE,en_US,FALSE,0055A00000BclF5QAJ,FALSE,FALSE,0,FALSE,Evie,FALSE,FALSE,FALSE,FALSE,00e5A000001Zwo6QAC,FALSE,FALSE,FALSE,FALSE,FALSE,FALSE,00E5A000001F19fUAC,FALSE,FALSE,FALSE,FALSE,FALSE,FALSE,FALSE,FALSE,FALSE,FALSE,FALSE,FALSE,FALSE,FALSE,FALSE,FALSE,FALSE,FALSE,FALSE,FALSE,FALSE,FALSE,FALSE,TRUE,FALSE,FALSE,FALSE,TRUE,FALSE,TRUE,FALSE,FALSE,12/28/2021,TRUE,FALSE,0056w000002MyNcAAK,Standard
0056w000002MyNhAAK,TRUE,TRUE,TRUE,FALSE,FALSE,TRUE,FALSE,FALSE,FALSE,FALSE,FALSE,D,Other,Other,FALSE,0055A00000BclF5QAJ,8/30/2021,N,Other,FALSE,FALSE,FALSE,FALSE,FALSE,FALSE,FALSE,FALSE,FALSE,FALSE,TRUE,FALSE,FALSE,FALSE,FALSE,FALSE,TRUE,FALSE,FALSE,FALSE,TRUE,Axel Turner,FALSE,FALSE,FALSE,FALSE,FALSE,FALSE,FALSE,FALSE,FALSE,FALSE,FALSE,FALSE,FALSE,FALSE,TRUE,FALSE,TRUE,TRUE,FALSE,en_US,12/22/2021,9/3/2021 5:33,TRUE,en_US,FALSE,Other,FALSE,FALSE,0,FALSE,Ax,FALSE,FALSE,FALSE,FALSE,00e5A000001Zwo6QAC,FALSE,FALSE,FALSE,FALSE,FALSE,FALSE,00E5A000001F19fUAC,FALSE,FALSE,FALSE,FALSE,FALSE,FALSE,FALSE,FALSE,FALSE,FALSE,FALSE,FALSE,FALSE,FALSE,FALSE,FALSE,FALSE,FALSE,FALSE,FALSE,FALSE,FALSE,FALSE,TRUE,FALSE,FALSE,FALSE,TRUE,FALSE,TRUE,FALSE,FALSE,12/28/2021,TRUE,FALSE,0056w000002MyNhAAK,Standard
0055A00000BclF5QAJ,TRUE,TRUE,TRUE,FALSE,FALSE,TRUE,FALSE,FALSE,FALSE,FALSE,FALSE,D,Other,Other,FALSE,0055A00000BclF5QAJ,8/30/2021,N,Other,FALSE,FALSE,FALSE,FALSE,FALSE,FALSE,FALSE,FALSE,FALSE,FALSE,TRUE,FALSE,FALSE,FALSE,FALSE,FALSE,TRUE,FALSE,FALSE,FALSE,TRUE,Maya Rivera,FALSE,FALSE,FALSE,FALSE,FALSE,FALSE,FALSE,FALSE,FALSE,FALSE,FALSE,FALSE,FALSE,FALSE,TRUE,FALSE,TRUE,TRUE,FALSE,en_US,11/2/2021,8/30/2021 13:14,TRUE,en_US,FALSE,0055A00000BclF5QAJ,FALSE,FALSE,0,FALSE,May,FALSE,FALSE,FALSE,FALSE,00e5A000001Zwo6QAC,FALSE,FALSE,FALSE,FALSE,FALSE,FALSE,00E5A000001F19fUAC,FALSE,FALSE,FALSE,FALSE,FALSE,FALSE,FALSE,FALSE,FALSE,FALSE,FALSE,FALSE,FALSE,FALSE,FALSE,FALSE,FALSE,FALSE,FALSE,FALSE,FALSE,FALSE,FALSE,TRUE,FALSE,FALSE,FALSE,TRUE,FALSE,TRUE,FALSE,FALSE,11/9/2021,TRUE,FALSE,0056w000002MyNmAAK,Standard
0056w000002isAgAAI,TRUE,TRUE,TRUE,FALSE,FALSE,TRUE,FALSE,FALSE,FALSE,FALSE,FALSE,D,Eagle River,Canada,FALSE,0055A00000BclF5QAJ,9/28/2021,N,Other,FALSE,FALSE,FALSE,FALSE,FALSE,FALSE,FALSE,FALSE,FALSE,FALSE,TRUE,FALSE,FALSE,FALSE,FALSE,FALSE,TRUE,FALSE,FALSE,FALSE,TRUE,Weston Murphy,FALSE,FALSE,FALSE,FALSE,FALSE,FALSE,FALSE,FALSE,FALSE,FALSE,FALSE,FALSE,FALSE,FALSE,TRUE,FALSE,TRUE,TRUE,FALSE,en_US,12/21/2021,10/5/2021 12:52,TRUE,en_US,FALSE,Other,FALSE,FALSE,0,FALSE,West,FALSE,FALSE,FALSE,FALSE,00ei0000000vIysAAE,FALSE,FALSE,FALSE,FALSE,FALSE,FALSE,00E5A000001F19fUAC,FALSE,FALSE,FALSE,FALSE,FALSE,FALSE,FALSE,FALSE,FALSE,FALSE,FALSE,FALSE,FALSE,FALSE,FALSE,FALSE,FALSE,FALSE,FALSE,FALSE,FALSE,FALSE,FALSE,TRUE,FALSE,FALSE,FALSE,TRUE,FALSE,TRUE,FALSE,FALSE,12/28/2021,TRUE,FALSE,0056w000002isAgAAI,Standard
0056w000002jMuPAAU,TRUE,TRUE,TRUE,FALSE,FALSE,TRUE,FALSE,FALSE,FALSE,FALSE,FALSE,D,Other,Other,FALSE,0055A00000BclF5QAJ,10/12/2021,N,Other,FALSE,FALSE,FALSE,FALSE,FALSE,FALSE,FALSE,FALSE,FALSE,FALSE,TRUE,FALSE,FALSE,FALSE,FALSE,FALSE,TRUE,FALSE,FALSE,FALSE,FALSE,Makayla James,FALSE,FALSE,FALSE,FALSE,FALSE,FALSE,FALSE,FALSE,FALSE,FALSE,FALSE,FALSE,FALSE,FALSE,TRUE,FALSE,TRUE,TRUE,FALSE,en_US,12/22/2021,10/18/2021 14:57,TRUE,en_US,FALSE,Other,FALSE,FALSE,0,FALSE,Kay,FALSE,FALSE,FALSE,FALSE,00e5A000001rJF9QAM,FALSE,FALSE,FALSE,FALSE,FALSE,FALSE,00E5A000001F19tUAC,FALSE,FALSE,FALSE,FALSE,FALSE,FALSE,FALSE,FALSE,FALSE,FALSE,FALSE,FALSE,FALSE,FALSE,FALSE,FALSE,FALSE,FALSE,FALSE,FALSE,FALSE,FALSE,FALSE,TRUE,FALSE,FALSE,FALSE,TRUE,FALSE,TRUE,FALSE,FALSE,12/28/2021,TRUE,FALSE,0056w000002jMuPAAU,Standard
0055A00000BclF5QAJ,TRUE,TRUE,TRUE,TRUE,FALSE,FALSE,FALSE,FALSE,FALSE,FALSE,FALSE,D,Sewickley,United States,FALSE,005i0000000fNkyAAE,6/11/2013,N,Sales,FALSE,FALSE,FALSE,FALSE,FALSE,FALSE,FALSE,FALSE,FALSE,FALSE,FALSE,FALSE,FALSE,FALSE,FALSE,FALSE,TRUE,FALSE,FALSE,FALSE,TRUE,Colton Foster,FALSE,FALSE,FALSE,TRUE,FALSE,FALSE,TRUE,FALSE,FALSE,FALSE,FALSE,FALSE,FALSE,FALSE,FALSE,FALSE,TRUE,TRUE,FALSE,en_US,6/28/2021,8/16/2021 14:12,TRUE,en_US,FALSE,Other,FALSE,FALSE,26,FALSE,Colt,TRUE,FALSE,FALSE,FALSE,00e5A000001rJEpQAM,FALSE,FALSE,FALSE,FALSE,FALSE,FALSE,00E5A000001F19mUAC,FALSE,FALSE,FALSE,FALSE,FALSE,FALSE,FALSE,FALSE,FALSE,FALSE,FALSE,FALSE,FALSE,FALSE,FALSE,FALSE,FALSE,FALSE,FALSE,FALSE,FALSE,FALSE,FALSE,FALSE,FALSE,FALSE,FALSE,FALSE,FALSE,FALSE,FALSE,FALSE,8/16/2021,TRUE,FALSE,005i0000000fNkyAAE,Standard
0055A00000BclF5QAJ,TRUE,TRUE,FALSE,TRUE,FALSE,TRUE,FALSE,FALSE,FALSE,FALSE,FALSE,D,Other,United States,FALSE,005i0000000fNkyAAE,7/3/2013,N,Other,FALSE,FALSE,FALSE,FALSE,FALSE,FALSE,FALSE,FALSE,FALSE,FALSE,TRUE,FALSE,FALSE,FALSE,FALSE,FALSE,TRUE,FALSE,FALSE,FALSE,TRUE,Sadie Morgan,FALSE,FALSE,FALSE,TRUE,FALSE,FALSE,TRUE,FALSE,FALSE,FALSE,FALSE,FALSE,FALSE,FALSE,FALSE,FALSE,FALSE,FALSE,FALSE,en_US,6/28/2021,8/16/2021 14:12,TRUE,en_US,FALSE,Other,TRUE,FALSE,1441,FALSE,Sade,TRUE,FALSE,FALSE,FALSE,00e5A000001ZwnmQAC,FALSE,FALSE,FALSE,FALSE,FALSE,FALSE,00E5A000001F1A3UAK,FALSE,FALSE,FALSE,FALSE,FALSE,FALSE,FALSE,FALSE,FALSE,FALSE,FALSE,FALSE,FALSE,FALSE,FALSE,FALSE,FALSE,FALSE,FALSE,FALSE,FALSE,FALSE,FALSE,TRUE,FALSE,FALSE,FALSE,FALSE,FALSE,TRUE,FALSE,FALSE,8/16/2021,TRUE,FALSE,005i0000000fpvQAAQ,Standard
005i0000000uARWAA2,TRUE,TRUE,FALSE,FALSE,FALSE,FALSE,FALSE,FALSE,FALSE,FALSE,FALSE,D,Other,US,FALSE,005i0000000uARWAA2,6/11/2013,N,Other,FALSE,FALSE,FALSE,FALSE,FALSE,FALSE,FALSE,FALSE,FALSE,FALSE,FALSE,FALSE,FALSE,FALSE,FALSE,FALSE,TRUE,FALSE,FALSE,FALSE,FALSE,Ezra Rivera,FALSE,FALSE,FALSE,FALSE,FALSE,FALSE,FALSE,FALSE,FALSE,FALSE,FALSE,FALSE,FALSE,FALSE,FALSE,FALSE,FALSE,TRUE,FALSE,en_US,,6/11/2013 16:59,FALSE,en_US,FALSE,Other,FALSE,FALSE,0,FALSE,Ez,FALSE,FALSE,FALSE,FALSE,00ei0000000vIyuAAE,FALSE,FALSE,FALSE,FALSE,FALSE,FALSE,Other,FALSE,FALSE,FALSE,FALSE,FALSE,FALSE,FALSE,FALSE,FALSE,FALSE,FALSE,FALSE,FALSE,FALSE,FALSE,FALSE,FALSE,FALSE,FALSE,FALSE,FALSE,FALSE,FALSE,FALSE,FALSE,FALSE,FALSE,FALSE,FALSE,FALSE,FALSE,FALSE,6/29/2021,TRUE,FALSE,005i0000000uARXAA2,AutomatedProcess
0055A00000BclF5QAJ,TRUE,TRUE,FALSE,FALSE,FALSE,FALSE,FALSE,FALSE,FALSE,FALSE,FALSE,D,Other,United States,FALSE,005i0000000fNkyAAE,6/11/2013,N,Other,FALSE,FALSE,FALSE,FALSE,FALSE,FALSE,FALSE,FALSE,FALSE,FALSE,FALSE,FALSE,FALSE,FALSE,FALSE,FALSE,TRUE,FALSE,FALSE,FALSE,FALSE,Kennedy Cooper,FALSE,FALSE,FALSE,TRUE,FALSE,FALSE,FALSE,FALSE,FALSE,FALSE,FALSE,FALSE,FALSE,FALSE,FALSE,FALSE,FALSE,TRUE,FALSE,en_US,,4/7/2021 18:29,FALSE,en_US,FALSE,Other,FALSE,FALSE,0,FALSE,Ken,FALSE,FALSE,FALSE,FALSE,00ei0000000vIyxAAE,FALSE,FALSE,FALSE,FALSE,FALSE,FALSE,Other,FALSE,FALSE,FALSE,FALSE,FALSE,FALSE,FALSE,FALSE,FALSE,FALSE,FALSE,FALSE,FALSE,FALSE,FALSE,FALSE,FALSE,FALSE,FALSE,FALSE,FALSE,FALSE,FALSE,FALSE,FALSE,FALSE,FALSE,FALSE,FALSE,FALSE,FALSE,FALSE,6/29/2021,TRUE,FALSE,005i0000000uARaAAM,CsnOnly
005i0000000fpvQAAQ,FALSE,TRUE,TRUE,TRUE,FALSE,TRUE,FALSE,FALSE,FALSE,FALSE,FALSE,D,Boston,United States,FALSE,005i0000000fNkyAAE,4/11/2014,N,Sales,FALSE,FALSE,FALSE,FALSE,FALSE,FALSE,FALSE,FALSE,FALSE,FALSE,TRUE,FALSE,FALSE,FALSE,FALSE,FALSE,TRUE,FALSE,FALSE,FALSE,FALSE,Miles Edwards,FALSE,FALSE,FALSE,TRUE,FALSE,FALSE,TRUE,FALSE,FALSE,FALSE,FALSE,FALSE,FALSE,TRUE,FALSE,FALSE,FALSE,TRUE,FALSE,en_US,10/5/2015,1/18/2016 2:38,FALSE,en_US,FALSE,005i0000000fNkyAAE,TRUE,FALSE,0,FALSE,Milo,TRUE,FALSE,FALSE,FALSE,00ei0000000vIz2AAE,FALSE,FALSE,FALSE,FALSE,FALSE,FALSE,Other,FALSE,FALSE,FALSE,FALSE,FALSE,FALSE,FALSE,FALSE,FALSE,FALSE,FALSE,FALSE,FALSE,FALSE,FALSE,FALSE,FALSE,FALSE,FALSE,FALSE,FALSE,FALSE,FALSE,FALSE,FALSE,FALSE,FALSE,TRUE,FALSE,TRUE,FALSE,FALSE,6/29/2021,TRUE,FALSE,005i0000002Zi8JAAS,Standard
005i0000000fpvQAAQ,FALSE,TRUE,FALSE,TRUE,FALSE,TRUE,FALSE,FALSE,FALSE,FALSE,FALSE,D,Boston,USA,FALSE,005i0000000fNkyAAE,6/16/2015,N,Other,FALSE,FALSE,FALSE,FALSE,FALSE,FALSE,FALSE,FALSE,FALSE,FALSE,TRUE,FALSE,FALSE,FALSE,FALSE,FALSE,TRUE,FALSE,FALSE,FALSE,FALSE,Valentina Reed,FALSE,FALSE,FALSE,FALSE,FALSE,FALSE,TRUE,FALSE,FALSE,FALSE,FALSE,FALSE,FALSE,TRUE,FALSE,FALSE,FALSE,FALSE,FALSE,en_US,2/11/2016,1/17/2017 15:27,FALSE,en_US,FALSE,Other,TRUE,FALSE,0,FALSE,Val,FALSE,FALSE,FALSE,FALSE,00ei0000000vIz2AAE,FALSE,FALSE,FALSE,FALSE,FALSE,FALSE,Other,FALSE,FALSE,FALSE,FALSE,FALSE,FALSE,FALSE,FALSE,FALSE,FALSE,FALSE,FALSE,FALSE,FALSE,FALSE,FALSE,FALSE,FALSE,FALSE,FALSE,FALSE,FALSE,FALSE,TRUE,FALSE,FALSE,FALSE,TRUE,FALSE,TRUE,FALSE,FALSE,6/29/2021,TRUE,FALSE,005i0000006RgPOAA0,Standard
